user_id,user_age
19063.0,0.0
19061.0,0.0
19060.0,0.0
19059.0,0.0
19056.0,0.0
19055.0,0.0
19053.0,0.0
19050.0,0.0
19049.0,0.0
19048.0,0.0
19047.0,0.0
19045.0,0.0
19044.0,0.0
19043.0,0.0
19042.0,0.0
19040.0,0.0
19039.0,0.0
19037.0,0.0
19032.0,1.0
19030.0,1.0
19025.0,1.0
19023.0,1.0
19021.0,1.0
19019.0,1.0
19018.0,1.0
19015.0,1.0
19014.0,1.0
19011.0,1.0
19010.0,1.0
19008.0,1.0
19001.0,2.0
18998.0,2.0
18993.0,2.0
18991.0,2.0
18989.0,2.0
18988.0,2.0
18987.0,2.0
18984.0,2.0
18983.0,2.0
18982.0,2.0
18980.0,2.0
18979.0,2.0
18977.0,2.0
18973.0,2.0
18972.0,2.0
18971.0,2.0
18970.0,2.0
18969.0,2.0
18966.0,2.0
18965.0,2.0
18957.0,2.0
18955.0,2.0
18954.0,2.0
18953.0,2.0
18952.0,2.0
18948.0,2.0
18945.0,2.0
18943.0,2.0
18942.0,2.0
18941.0,2.0
18940.0,2.0
18939.0,2.0
18938.0,2.0
18935.0,2.0
18934.0,2.0
18933.0,2.0
18931.0,2.0
18927.0,2.0
18926.0,2.0
18923.0,2.0
18920.0,2.0
18917.0,2.0
18915.0,2.0
18913.0,2.0
18912.0,2.0
18908.0,3.0
18904.0,3.0
18903.0,3.0
18902.0,3.0
18898.0,3.0
18896.0,3.0
18895.0,3.0
18894.0,3.0
18892.0,3.0
18889.0,3.0
18888.0,3.0
18887.0,3.0
18886.0,3.0
18885.0,3.0
18884.0,3.0
18883.0,3.0
18881.0,3.0
18880.0,3.0
18878.0,3.0
18876.0,3.0
18873.0,3.0
18872.0,3.0
18869.0,3.0
18868.0,3.0
18866.0,3.0
18864.0,3.0
18861.0,3.0
18860.0,3.0
18859.0,3.0
18855.0,3.0
18853.0,3.0
18849.0,3.0
18845.0,3.0
18844.0,3.0
18843.0,3.0
18840.0,3.0
18838.0,3.0
18837.0,3.0
18835.0,3.0
18831.0,3.0
18830.0,3.0
18829.0,3.0
18827.0,3.0
18826.0,3.0
18825.0,3.0
18824.0,3.0
18823.0,3.0
18822.0,3.0
18817.0,3.0
18816.0,3.0
18815.0,4.0
18814.0,4.0
18813.0,4.0
18812.0,4.0
18811.0,4.0
18809.0,4.0
18806.0,4.0
18805.0,4.0
18804.0,4.0
18797.0,4.0
18795.0,4.0
18794.0,4.0
18793.0,4.0
18792.0,4.0
18789.0,4.0
18788.0,4.0
18787.0,4.0
18785.0,4.0
18782.0,4.0
18781.0,4.0
18779.0,4.0
18778.0,4.0
18774.0,4.0
18773.0,4.0
18770.0,4.0
18769.0,4.0
18768.0,4.0
18767.0,4.0
18766.0,4.0
18764.0,4.0
18763.0,4.0
18762.0,4.0
18761.0,4.0
18758.0,4.0
18754.0,4.0
18753.0,4.0
18752.0,4.0
18751.0,4.0
18747.0,4.0
18746.0,4.0
18745.0,4.0
18744.0,4.0
18743.0,4.0
18741.0,4.0
18739.0,4.0
18733.0,4.0
18732.0,4.0
18731.0,4.0
18725.0,5.0
18724.0,5.0
18721.0,5.0
18719.0,5.0
18718.0,5.0
18716.0,5.0
18715.0,5.0
18714.0,5.0
18712.0,5.0
18711.0,5.0
18709.0,5.0
18708.0,5.0
18705.0,5.0
18703.0,5.0
18701.0,5.0
18700.0,5.0
18699.0,5.0
18696.0,5.0
18694.0,5.0
18691.0,5.0
18689.0,5.0
18688.0,5.0
18687.0,5.0
18685.0,5.0
18682.0,5.0
18679.0,5.0
18678.0,5.0
18672.0,5.0
18671.0,5.0
18667.0,5.0
18663.0,5.0
18661.0,5.0
18659.0,5.0
18658.0,5.0
18656.0,5.0
18654.0,5.0
18653.0,5.0
18652.0,5.0
18650.0,5.0
18649.0,5.0
18647.0,5.0
18645.0,6.0
18642.0,6.0
18641.0,6.0
18639.0,6.0
18637.0,6.0
18635.0,6.0
18634.0,6.0
18633.0,6.0
18632.0,6.0
18629.0,6.0
18628.0,6.0
18627.0,6.0
18618.0,6.0
18617.0,6.0
18616.0,6.0
18614.0,6.0
18612.0,6.0
18611.0,6.0
18610.0,6.0
18609.0,6.0
18608.0,6.0
18607.0,6.0
18605.0,6.0
18603.0,6.0
18602.0,6.0
18601.0,6.0
18599.0,6.0
18598.0,6.0
18597.0,6.0
18596.0,6.0
18595.0,6.0
18593.0,6.0
18590.0,6.0
18588.0,6.0
18587.0,6.0
18586.0,6.0
18584.0,6.0
18581.0,6.0
18580.0,6.0
18579.0,6.0
18576.0,6.0
18574.0,6.0
18571.0,6.0
18569.0,6.0
18568.0,6.0
18565.0,6.0
18564.0,6.0
18562.0,6.0
18561.0,6.0
18558.0,6.0
18554.0,6.0
18553.0,6.0
18551.0,7.0
18550.0,7.0
18547.0,7.0
18546.0,7.0
18544.0,7.0
18542.0,7.0
18541.0,7.0
18540.0,7.0
18539.0,7.0
18538.0,7.0
18536.0,7.0
18533.0,8.0
18531.0,8.0
18529.0,8.0
18528.0,8.0
18526.0,8.0
18525.0,8.0
18522.0,8.0
18520.0,8.0
18517.0,8.0
18512.0,8.0
18510.0,8.0
18509.0,8.0
18507.0,9.0
18505.0,9.0
18501.0,9.0
18500.0,9.0
18498.0,9.0
18497.0,9.0
18496.0,9.0
18493.0,9.0
18488.0,9.0
18487.0,9.0
18486.0,9.0
18484.0,9.0
18480.0,9.0
18478.0,9.0
18476.0,9.0
18475.0,9.0
18474.0,9.0
18473.0,9.0
18471.0,9.0
18470.0,9.0
18469.0,9.0
18467.0,9.0
18466.0,9.0
18465.0,9.0
18464.0,9.0
18462.0,9.0
18460.0,9.0
18459.0,9.0
18456.0,9.0
18455.0,9.0
18454.0,9.0
18452.0,9.0
18451.0,9.0
18450.0,9.0
18449.0,9.0
18445.0,9.0
18441.0,9.0
18440.0,9.0
18439.0,9.0
18438.0,9.0
18434.0,9.0
18433.0,9.0
18430.0,9.0
18428.0,9.0
18425.0,9.0
18424.0,9.0
18423.0,9.0
18421.0,9.0
18420.0,9.0
18417.0,9.0
18416.0,10.0
18412.0,10.0
18411.0,10.0
18410.0,10.0
18405.0,10.0
18404.0,10.0
18402.0,10.0
18401.0,10.0
18400.0,10.0
18398.0,10.0
18397.0,10.0
18395.0,10.0
18394.0,10.0
18393.0,10.0
18391.0,10.0
18390.0,10.0
18389.0,10.0
18388.0,10.0
18387.0,10.0
18386.0,10.0
18385.0,10.0
18384.0,10.0
18383.0,10.0
18382.0,10.0
18380.0,10.0
18379.0,10.0
18374.0,10.0
18369.0,10.0
18368.0,10.0
18367.0,10.0
18362.0,10.0
18361.0,10.0
18360.0,10.0
18359.0,10.0
18358.0,10.0
18357.0,10.0
18356.0,10.0
18355.0,10.0
18353.0,10.0
18352.0,10.0
18350.0,10.0
18348.0,10.0
18347.0,10.0
18345.0,10.0
18344.0,10.0
18341.0,10.0
18337.0,10.0
18335.0,10.0
18334.0,10.0
18333.0,11.0
18331.0,11.0
18330.0,11.0
18329.0,11.0
18328.0,11.0
18327.0,11.0
18326.0,11.0
18325.0,11.0
18321.0,11.0
18320.0,11.0
18319.0,11.0
18317.0,11.0
18316.0,11.0
18313.0,11.0
18312.0,11.0
18311.0,11.0
18309.0,11.0
18306.0,11.0
18302.0,11.0
18300.0,11.0
18299.0,11.0
18298.0,11.0
18296.0,11.0
18295.0,11.0
18291.0,11.0
18290.0,11.0
18288.0,11.0
18287.0,11.0
18286.0,11.0
18283.0,11.0
18278.0,11.0
18277.0,11.0
18275.0,11.0
18274.0,11.0
18272.0,11.0
18271.0,11.0
18270.0,11.0
18268.0,11.0
18267.0,11.0
18265.0,11.0
18264.0,11.0
18263.0,11.0
18260.0,11.0
18258.0,11.0
18257.0,11.0
18256.0,11.0
18253.0,12.0
18249.0,12.0
18246.0,12.0
18243.0,12.0
18242.0,12.0
18241.0,12.0
18237.0,12.0
18236.0,12.0
18235.0,12.0
18232.0,12.0
18231.0,12.0
18228.0,12.0
18227.0,12.0
18226.0,12.0
18225.0,12.0
18220.0,12.0
18218.0,12.0
18217.0,12.0
18213.0,12.0
18212.0,12.0
18211.0,12.0
18210.0,12.0
18208.0,12.0
18205.0,12.0
18204.0,12.0
18203.0,12.0
18201.0,12.0
18198.0,12.0
18197.0,12.0
18194.0,12.0
18193.0,12.0
18192.0,12.0
18187.0,12.0
18186.0,12.0
18185.0,12.0
18184.0,12.0
18182.0,12.0
18181.0,12.0
18179.0,12.0
18177.0,12.0
18176.0,12.0
18174.0,12.0
18173.0,12.0
18170.0,13.0
18169.0,13.0
18164.0,13.0
18163.0,13.0
18162.0,13.0
18160.0,13.0
18158.0,13.0
18155.0,13.0
18152.0,13.0
18151.0,13.0
18148.0,13.0
18146.0,13.0
18144.0,13.0
18142.0,13.0
18141.0,13.0
18137.0,13.0
18135.0,13.0
18133.0,13.0
18132.0,13.0
18131.0,13.0
18130.0,13.0
18128.0,13.0
18127.0,13.0
18125.0,13.0
18123.0,13.0
18122.0,13.0
18119.0,13.0
18118.0,13.0
18116.0,13.0
18114.0,13.0
18113.0,13.0
18110.0,13.0
18108.0,13.0
18106.0,13.0
18104.0,13.0
18103.0,13.0
18101.0,13.0
18100.0,13.0
18098.0,13.0
18097.0,13.0
18094.0,13.0
18093.0,13.0
18091.0,13.0
18090.0,13.0
18089.0,13.0
18088.0,13.0
18087.0,13.0
18084.0,13.0
18082.0,14.0
18081.0,14.0
18078.0,14.0
18076.0,14.0
18072.0,14.0
18070.0,14.0
18069.0,14.0
18068.0,14.0
18067.0,14.0
18066.0,14.0
18065.0,14.0
18064.0,14.0
18062.0,14.0
18061.0,15.0
18059.0,15.0
18058.0,15.0
18055.0,15.0
18052.0,15.0
18048.0,15.0
18047.0,15.0
18045.0,15.0
18043.0,15.0
18042.0,15.0
18041.0,15.0
18039.0,15.0
18038.0,15.0
18034.0,15.0
18032.0,16.0
18031.0,16.0
18030.0,16.0
18029.0,16.0
18028.0,16.0
18027.0,16.0
18026.0,16.0
18025.0,16.0
18023.0,16.0
18022.0,16.0
18021.0,16.0
18020.0,16.0
18017.0,16.0
18013.0,16.0
18011.0,16.0
18010.0,16.0
18009.0,16.0
18005.0,16.0
18004.0,16.0
18003.0,16.0
18002.0,16.0
18001.0,16.0
17999.0,16.0
17998.0,16.0
17997.0,16.0
17996.0,16.0
17995.0,16.0
17994.0,16.0
17992.0,16.0
17990.0,16.0
17989.0,16.0
17987.0,16.0
17985.0,16.0
17979.0,16.0
17978.0,16.0
17975.0,16.0
17973.0,16.0
17972.0,16.0
17971.0,16.0
17970.0,16.0
17968.0,16.0
17964.0,16.0
17962.0,16.0
17961.0,16.0
17960.0,16.0
17958.0,16.0
17955.0,16.0
17953.0,16.0
17950.0,17.0
17949.0,17.0
17948.0,17.0
17946.0,17.0
17945.0,17.0
17939.0,17.0
17938.0,17.0
17937.0,17.0
17934.0,17.0
17933.0,17.0
17931.0,17.0
17929.0,17.0
17927.0,17.0
17923.0,17.0
17922.0,17.0
17921.0,17.0
17920.0,17.0
17916.0,17.0
17912.0,17.0
17909.0,17.0
17908.0,17.0
17906.0,17.0
17905.0,17.0
17902.0,17.0
17901.0,17.0
17900.0,17.0
17899.0,17.0
17896.0,17.0
17894.0,17.0
17893.0,17.0
17885.0,17.0
17884.0,17.0
17882.0,17.0
17881.0,17.0
17879.0,17.0
17877.0,17.0
17876.0,17.0
17872.0,17.0
17871.0,17.0
17869.0,17.0
17868.0,17.0
17866.0,17.0
17865.0,17.0
17864.0,17.0
17861.0,17.0
17860.0,18.0
17855.0,18.0
17854.0,18.0
17853.0,18.0
17852.0,18.0
17850.0,18.0
17849.0,18.0
17848.0,18.0
17843.0,18.0
17842.0,18.0
17841.0,18.0
17839.0,18.0
17838.0,18.0
17834.0,18.0
17833.0,18.0
17830.0,18.0
17828.0,18.0
17826.0,18.0
17824.0,18.0
17823.0,18.0
17822.0,18.0
17819.0,18.0
17818.0,18.0
17817.0,18.0
17815.0,18.0
17814.0,18.0
17813.0,18.0
17812.0,18.0
17809.0,18.0
17808.0,18.0
17807.0,18.0
17806.0,18.0
17804.0,18.0
17802.0,18.0
17801.0,18.0
17800.0,18.0
17799.0,18.0
17798.0,18.0
17796.0,18.0
17794.0,18.0
17793.0,18.0
17792.0,18.0
17791.0,18.0
17790.0,18.0
17789.0,18.0
17788.0,18.0
17787.0,18.0
17786.0,18.0
17783.0,18.0
17781.0,18.0
17780.0,18.0
17778.0,18.0
17776.0,18.0
17774.0,19.0
17773.0,19.0
17772.0,19.0
17769.0,19.0
17768.0,19.0
17763.0,19.0
17760.0,19.0
17759.0,19.0
17754.0,19.0
17751.0,19.0
17750.0,19.0
17747.0,19.0
17746.0,19.0
17744.0,19.0
17741.0,19.0
17739.0,19.0
17731.0,19.0
17729.0,19.0
17728.0,19.0
17726.0,19.0
17724.0,19.0
17723.0,19.0
17720.0,19.0
17719.0,19.0
17717.0,19.0
17713.0,19.0
17712.0,19.0
17711.0,19.0
17710.0,19.0
17705.0,19.0
17704.0,19.0
17703.0,19.0
17699.0,19.0
17698.0,19.0
17696.0,20.0
17695.0,20.0
17694.0,20.0
17693.0,20.0
17686.0,20.0
17685.0,20.0
17684.0,20.0
17683.0,20.0
17682.0,20.0
17681.0,20.0
17678.0,20.0
17676.0,20.0
17675.0,20.0
17674.0,20.0
17673.0,20.0
17672.0,20.0
17671.0,20.0
17669.0,20.0
17668.0,20.0
17665.0,20.0
17664.0,20.0
17663.0,20.0
17662.0,20.0
17660.0,20.0
17653.0,20.0
17651.0,20.0
17650.0,20.0
17648.0,20.0
17647.0,20.0
17644.0,20.0
17643.0,20.0
17636.0,20.0
17634.0,20.0
17633.0,20.0
17631.0,20.0
17628.0,20.0
17626.0,20.0
17625.0,20.0
17622.0,20.0
17620.0,20.0
17617.0,20.0
17614.0,20.0
17612.0,20.0
17608.0,21.0
17606.0,21.0
17603.0,21.0
17602.0,21.0
17601.0,21.0
17594.0,21.0
17593.0,21.0
17589.0,21.0
17585.0,22.0
17584.0,22.0
17581.0,22.0
17580.0,22.0
17579.0,22.0
17577.0,22.0
17575.0,22.0
17573.0,22.0
17571.0,22.0
17570.0,22.0
17569.0,22.0
17568.0,22.0
17566.0,22.0
17562.0,23.0
17561.0,23.0
17557.0,23.0
17552.0,23.0
17551.0,23.0
17550.0,23.0
17549.0,23.0
17545.0,23.0
17544.0,23.0
17540.0,23.0
17534.0,23.0
17532.0,23.0
17531.0,23.0
17526.0,23.0
17520.0,23.0
17516.0,23.0
17514.0,23.0
17512.0,23.0
17510.0,23.0
17508.0,23.0
17507.0,23.0
17506.0,23.0
17505.0,23.0
17502.0,23.0
17499.0,23.0
17497.0,23.0
17496.0,23.0
17494.0,23.0
17493.0,23.0
17491.0,23.0
17490.0,23.0
17489.0,23.0
17485.0,24.0
17482.0,24.0
17481.0,24.0
17480.0,24.0
17479.0,24.0
17478.0,24.0
17476.0,24.0
17475.0,24.0
17471.0,24.0
17470.0,24.0
17464.0,24.0
17463.0,24.0
17460.0,24.0
17459.0,24.0
17457.0,24.0
17454.0,24.0
17453.0,24.0
17452.0,24.0
17449.0,24.0
17447.0,24.0
17445.0,24.0
17440.0,24.0
17435.0,24.0
17433.0,24.0
17432.0,24.0
17431.0,24.0
17429.0,24.0
17428.0,24.0
17426.0,24.0
17425.0,24.0
17424.0,24.0
17423.0,24.0
17421.0,24.0
17420.0,24.0
17419.0,24.0
17417.0,24.0
17416.0,24.0
17414.0,24.0
17413.0,24.0
17411.0,24.0
17410.0,24.0
17409.0,25.0
17407.0,25.0
17406.0,25.0
17404.0,25.0
17401.0,25.0
17399.0,25.0
17398.0,25.0
17393.0,25.0
17392.0,25.0
17390.0,25.0
17389.0,25.0
17383.0,25.0
17378.0,25.0
17377.0,25.0
17376.0,25.0
17375.0,25.0
17374.0,25.0
17373.0,25.0
17372.0,25.0
17371.0,25.0
17368.0,25.0
17363.0,25.0
17357.0,25.0
17355.0,25.0
17346.0,25.0
17343.0,25.0
17338.0,25.0
17337.0,25.0
17334.0,25.0
17333.0,26.0
17332.0,26.0
17330.0,26.0
17329.0,26.0
17326.0,26.0
17323.0,26.0
17321.0,26.0
17319.0,26.0
17316.0,26.0
17315.0,26.0
17314.0,26.0
17313.0,26.0
17310.0,26.0
17307.0,26.0
17304.0,26.0
17303.0,26.0
17302.0,26.0
17301.0,26.0
17299.0,26.0
17298.0,26.0
17295.0,26.0
17293.0,26.0
17290.0,26.0
17289.0,26.0
17286.0,26.0
17284.0,26.0
17281.0,26.0
17277.0,26.0
17276.0,26.0
17274.0,26.0
17273.0,26.0
17272.0,26.0
17271.0,26.0
17270.0,26.0
17269.0,26.0
17268.0,26.0
17266.0,26.0
17265.0,26.0
17263.0,26.0
17262.0,26.0
17261.0,27.0
17260.0,27.0
17258.0,27.0
17256.0,27.0
17252.0,27.0
17250.0,27.0
17249.0,27.0
17246.0,27.0
17244.0,27.0
17243.0,27.0
17241.0,27.0
17240.0,27.0
17238.0,27.0
17237.0,27.0
17236.0,27.0
17232.0,27.0
17231.0,27.0
17229.0,27.0
17228.0,27.0
17227.0,27.0
17223.0,27.0
17220.0,27.0
17217.0,27.0
17215.0,27.0
17212.0,27.0
17209.0,27.0
17199.0,28.0
17198.0,28.0
17196.0,28.0
17195.0,28.0
17193.0,28.0
17192.0,28.0
17190.0,28.0
17188.0,28.0
17187.0,28.0
17184.0,28.0
17182.0,28.0
17180.0,28.0
17179.0,29.0
17177.0,29.0
17176.0,29.0
17172.0,29.0
17171.0,29.0
17169.0,29.0
17168.0,29.0
17167.0,29.0
17166.0,29.0
17165.0,29.0
17162.0,29.0
17160.0,29.0
17159.0,29.0
17152.0,30.0
17151.0,30.0
17150.0,30.0
17146.0,30.0
17145.0,30.0
17142.0,30.0
17138.0,30.0
17137.0,30.0
17129.0,30.0
17127.0,30.0
17126.0,30.0
17123.0,30.0
17122.0,30.0
17121.0,30.0
17120.0,30.0
17118.0,30.0
17115.0,30.0
17114.0,30.0
17113.0,30.0
17112.0,30.0
17111.0,30.0
17109.0,30.0
17108.0,30.0
17103.0,30.0
17102.0,30.0
17101.0,30.0
17100.0,30.0
17098.0,30.0
17097.0,30.0
17094.0,30.0
17093.0,30.0
17091.0,30.0
17089.0,30.0
17088.0,30.0
17086.0,30.0
17084.0,30.0
17083.0,30.0
17082.0,30.0
17081.0,30.0
17079.0,30.0
17078.0,30.0
17077.0,30.0
17074.0,31.0
17072.0,31.0
17070.0,31.0
17068.0,31.0
17064.0,31.0
17061.0,31.0
17060.0,31.0
17057.0,31.0
17054.0,31.0
17052.0,31.0
17051.0,31.0
17050.0,31.0
17049.0,31.0
17044.0,31.0
17043.0,31.0
17042.0,31.0
17041.0,31.0
17040.0,31.0
17039.0,31.0
17038.0,31.0
17036.0,31.0
17035.0,31.0
17034.0,31.0
17030.0,31.0
17027.0,31.0
17018.0,31.0
17017.0,31.0
17016.0,31.0
17012.0,31.0
17008.0,31.0
17005.0,31.0
17003.0,31.0
17001.0,31.0
17000.0,31.0
16998.0,31.0
16995.0,31.0
16993.0,31.0
16992.0,31.0
16991.0,31.0
16989.0,31.0
16985.0,31.0
16984.0,31.0
16983.0,31.0
16982.0,31.0
16981.0,32.0
16975.0,32.0
16974.0,32.0
16970.0,32.0
16969.0,32.0
16968.0,32.0
16965.0,32.0
16964.0,32.0
16963.0,32.0
16960.0,32.0
16958.0,32.0
16953.0,32.0
16950.0,32.0
16949.0,32.0
16948.0,32.0
16944.0,32.0
16943.0,32.0
16941.0,32.0
16940.0,32.0
16939.0,32.0
16938.0,32.0
16937.0,32.0
16935.0,32.0
16933.0,32.0
16931.0,32.0
16927.0,32.0
16926.0,32.0
16924.0,32.0
16923.0,32.0
16922.0,32.0
16920.0,32.0
16918.0,32.0
16916.0,32.0
16915.0,32.0
16912.0,32.0
16908.0,32.0
16905.0,32.0
16903.0,32.0
16902.0,32.0
16901.0,32.0
16900.0,32.0
16899.0,32.0
16897.0,32.0
16896.0,32.0
16894.0,32.0
16892.0,33.0
16887.0,33.0
16885.0,33.0
16884.0,33.0
16882.0,33.0
16875.0,33.0
16872.0,33.0
16868.0,33.0
16867.0,33.0
16865.0,33.0
16864.0,33.0
16863.0,33.0
16858.0,33.0
16854.0,33.0
16852.0,33.0
16851.0,33.0
16846.0,33.0
16844.0,33.0
16843.0,33.0
16841.0,33.0
16840.0,33.0
16836.0,33.0
16832.0,33.0
16831.0,33.0
16829.0,33.0
16828.0,33.0
16827.0,33.0
16826.0,33.0
16825.0,33.0
16823.0,33.0
16822.0,33.0
16821.0,33.0
16820.0,33.0
16818.0,33.0
16817.0,33.0
16815.0,34.0
16812.0,34.0
16810.0,34.0
16809.0,34.0
16807.0,34.0
16805.0,34.0
16803.0,34.0
16802.0,34.0
16801.0,34.0
16800.0,34.0
16796.0,34.0
16795.0,34.0
16794.0,34.0
16792.0,34.0
16791.0,34.0
16787.0,34.0
16786.0,34.0
16783.0,34.0
16782.0,34.0
16778.0,34.0
16777.0,34.0
16776.0,34.0
16774.0,34.0
16768.0,34.0
16766.0,34.0
16765.0,34.0
16764.0,34.0
16763.0,34.0
16761.0,34.0
16758.0,34.0
16752.0,34.0
16751.0,34.0
16749.0,34.0
16746.0,34.0
16745.0,34.0
16743.0,34.0
16740.0,34.0
16738.0,34.0
16736.0,34.0
16735.0,34.0
16734.0,34.0
16732.0,34.0
16730.0,34.0
16728.0,35.0
16727.0,35.0
16726.0,35.0
16725.0,35.0
16722.0,35.0
16721.0,35.0
16720.0,35.0
16717.0,35.0
16715.0,35.0
16713.0,35.0
16712.0,35.0
16711.0,35.0
16709.0,35.0
16708.0,35.0
16706.0,35.0
16704.0,35.0
16702.0,36.0
16701.0,36.0
16694.0,36.0
16693.0,36.0
16690.0,36.0
16688.0,36.0
16687.0,36.0
16686.0,36.0
16682.0,36.0
16681.0,36.0
16680.0,36.0
16679.0,36.0
16677.0,37.0
16676.0,37.0
16675.0,37.0
16672.0,37.0
16671.0,37.0
16670.0,37.0
16669.0,37.0
16668.0,37.0
16667.0,37.0
16666.0,37.0
16664.0,37.0
16661.0,37.0
16660.0,37.0
16659.0,37.0
16655.0,37.0
16654.0,37.0
16645.0,37.0
16639.0,37.0
16637.0,37.0
16635.0,37.0
16633.0,37.0
16632.0,37.0
16631.0,37.0
16630.0,37.0
16628.0,37.0
16626.0,37.0
16625.0,37.0
16624.0,37.0
16623.0,37.0
16620.0,37.0
16616.0,37.0
16614.0,37.0
16613.0,37.0
16609.0,37.0
16608.0,37.0
16599.0,37.0
16598.0,37.0
16596.0,37.0
16595.0,37.0
16592.0,38.0
16589.0,38.0
16588.0,38.0
16585.0,38.0
16584.0,38.0
16583.0,38.0
16582.0,38.0
16581.0,38.0
16580.0,38.0
16578.0,38.0
16577.0,38.0
16575.0,38.0
16574.0,38.0
16572.0,38.0
16571.0,38.0
16569.0,38.0
16568.0,38.0
16567.0,38.0
16566.0,38.0
16565.0,38.0
16564.0,38.0
16561.0,38.0
16560.0,38.0
16556.0,38.0
16553.0,38.0
16551.0,38.0
16547.0,38.0
16546.0,38.0
16542.0,38.0
16541.0,38.0
16539.0,38.0
16538.0,38.0
16536.0,38.0
16535.0,38.0
16533.0,38.0
16532.0,38.0
16531.0,38.0
16530.0,38.0
16529.0,38.0
16520.0,38.0
16514.0,39.0
16512.0,39.0
16510.0,39.0
16508.0,39.0
16507.0,39.0
16505.0,39.0
16504.0,39.0
16502.0,39.0
16501.0,39.0
16496.0,39.0
16495.0,39.0
16494.0,39.0
16492.0,39.0
16490.0,39.0
16488.0,39.0
16486.0,39.0
16482.0,39.0
16478.0,39.0
16477.0,39.0
16475.0,39.0
16474.0,39.0
16472.0,39.0
16471.0,39.0
16467.0,39.0
16462.0,39.0
16461.0,39.0
16460.0,39.0
16459.0,39.0
16457.0,39.0
16455.0,39.0
16454.0,39.0
16453.0,39.0
16452.0,39.0
16448.0,39.0
16447.0,39.0
16446.0,39.0
16445.0,39.0
16444.0,39.0
16440.0,39.0
16436.0,39.0
16435.0,39.0
16433.0,39.0
16431.0,39.0
16430.0,39.0
16429.0,39.0
16428.0,39.0
16424.0,40.0
16421.0,40.0
16420.0,40.0
16418.0,40.0
16414.0,40.0
16409.0,40.0
16408.0,40.0
16407.0,40.0
16406.0,40.0
16405.0,40.0
16404.0,40.0
16403.0,40.0
16401.0,40.0
16398.0,40.0
16397.0,40.0
16396.0,40.0
16392.0,40.0
16390.0,40.0
16389.0,40.0
16388.0,40.0
16384.0,40.0
16383.0,40.0
16381.0,40.0
16378.0,40.0
16377.0,40.0
16374.0,40.0
16373.0,40.0
16371.0,40.0
16369.0,40.0
16368.0,40.0
16364.0,40.0
16362.0,40.0
16361.0,40.0
16356.0,40.0
16353.0,40.0
16352.0,40.0
16349.0,40.0
16348.0,40.0
16347.0,41.0
16346.0,41.0
16340.0,41.0
16339.0,41.0
16337.0,41.0
16336.0,41.0
16335.0,41.0
16334.0,41.0
16333.0,41.0
16332.0,41.0
16331.0,41.0
16330.0,41.0
16325.0,41.0
16323.0,41.0
16319.0,41.0
16318.0,41.0
16317.0,41.0
16314.0,41.0
16312.0,41.0
16310.0,41.0
16306.0,41.0
16304.0,41.0
16303.0,41.0
16302.0,41.0
16301.0,41.0
16300.0,41.0
16295.0,41.0
16293.0,41.0
16292.0,41.0
16291.0,41.0
16289.0,41.0
16282.0,41.0
16279.0,41.0
16277.0,41.0
16276.0,41.0
16274.0,41.0
16273.0,41.0
16268.0,42.0
16265.0,42.0
16264.0,42.0
16262.0,42.0
16261.0,42.0
16259.0,42.0
16255.0,42.0
16254.0,42.0
16253.0,42.0
16250.0,43.0
16247.0,43.0
16244.0,43.0
16242.0,43.0
16241.0,43.0
16240.0,43.0
16236.0,43.0
16233.0,43.0
16230.0,43.0
16228.0,44.0
16226.0,44.0
16222.0,44.0
16220.0,44.0
16219.0,44.0
16218.0,44.0
16216.0,44.0
16213.0,44.0
16212.0,44.0
16210.0,44.0
16206.0,44.0
16205.0,44.0
16204.0,44.0
16203.0,44.0
16202.0,44.0
16200.0,44.0
16197.0,44.0
16195.0,44.0
16194.0,44.0
16191.0,44.0
16189.0,44.0
16187.0,44.0
16186.0,44.0
16185.0,44.0
16183.0,44.0
16182.0,44.0
16180.0,44.0
16178.0,44.0
16177.0,44.0
16176.0,44.0
16174.0,44.0
16172.0,44.0
16171.0,44.0
16169.0,44.0
16168.0,44.0
16167.0,44.0
16165.0,44.0
16160.0,44.0
16159.0,44.0
16157.0,44.0
16153.0,45.0
16147.0,45.0
16146.0,45.0
16145.0,45.0
16143.0,45.0
16140.0,45.0
16138.0,45.0
16137.0,45.0
16136.0,45.0
16133.0,45.0
16132.0,45.0
16128.0,45.0
16127.0,45.0
16125.0,45.0
16122.0,45.0
16120.0,45.0
16119.0,45.0
16118.0,45.0
16113.0,45.0
16110.0,45.0
16106.0,45.0
16104.0,45.0
16103.0,45.0
16102.0,45.0
16095.0,45.0
16094.0,45.0
16093.0,45.0
16092.0,46.0
16089.0,46.0
16088.0,46.0
16087.0,46.0
16085.0,46.0
16083.0,46.0
16082.0,46.0
16080.0,46.0
16077.0,46.0
16076.0,46.0
16074.0,46.0
16071.0,46.0
16070.0,46.0
16069.0,46.0
16068.0,46.0
16065.0,46.0
16064.0,46.0
16063.0,46.0
16062.0,46.0
16060.0,46.0
16059.0,46.0
16055.0,46.0
16054.0,46.0
16053.0,46.0
16052.0,46.0
16051.0,46.0
16049.0,46.0
16048.0,46.0
16045.0,46.0
16044.0,46.0
16043.0,46.0
16042.0,46.0
16041.0,46.0
16039.0,46.0
16037.0,46.0
16035.0,46.0
16032.0,46.0
16030.0,46.0
16028.0,46.0
16026.0,46.0
16025.0,46.0
16022.0,46.0
16020.0,46.0
16016.0,46.0
16014.0,46.0
16012.0,46.0
16010.0,46.0
16009.0,46.0
16007.0,46.0
16005.0,46.0
16002.0,46.0
16001.0,46.0
15999.0,47.0
15998.0,47.0
15997.0,47.0
15996.0,47.0
15995.0,47.0
15994.0,47.0
15992.0,47.0
15991.0,47.0
15989.0,47.0
15988.0,47.0
15986.0,47.0
15984.0,47.0
15983.0,47.0
15982.0,47.0
15979.0,47.0
15978.0,47.0
15975.0,46.0
15974.0,47.0
15973.0,47.0
15971.0,47.0
15969.0,47.0
15968.0,47.0
15966.0,47.0
15965.0,47.0
15964.0,47.0
15963.0,47.0
15962.0,47.0
15961.0,47.0
15959.0,47.0
15957.0,47.0
15952.0,47.0
15951.0,47.0
15950.0,47.0
15948.0,47.0
15944.0,47.0
15943.0,47.0
15937.0,47.0
15936.0,47.0
15934.0,47.0
15933.0,47.0
15932.0,47.0
15931.0,47.0
15930.0,47.0
15928.0,48.0
15926.0,48.0
15924.0,48.0
15916.0,48.0
15915.0,48.0
15913.0,48.0
15911.0,48.0
15909.0,48.0
15908.0,48.0
15907.0,48.0
15906.0,48.0
15905.0,48.0
15903.0,48.0
15901.0,48.0
15899.0,48.0
15897.0,48.0
15893.0,48.0
15892.0,48.0
15891.0,48.0
15889.0,48.0
15886.0,48.0
15885.0,48.0
15882.0,48.0
15881.0,48.0
15875.0,48.0
15874.0,48.0
15873.0,48.0
15869.0,48.0
15864.0,48.0
15861.0,48.0
15859.0,48.0
15858.0,48.0
15850.0,48.0
15847.0,48.0
15845.0,48.0
15841.0,49.0
15839.0,49.0
15837.0,49.0
15836.0,49.0
15832.0,49.0
15830.0,49.0
15827.0,49.0
15825.0,49.0
15824.0,49.0
15823.0,50.0
15818.0,50.0
15817.0,50.0
15816.0,50.0
15815.0,50.0
15812.0,50.0
15811.0,50.0
15810.0,50.0
15807.0,50.0
15806.0,50.0
15804.0,51.0
15802.0,51.0
15799.0,51.0
15794.0,51.0
15792.0,51.0
15788.0,51.0
15787.0,51.0
15786.0,51.0
15785.0,51.0
15784.0,51.0
15783.0,51.0
15782.0,51.0
15781.0,51.0
15778.0,51.0
15774.0,51.0
15771.0,51.0
15770.0,51.0
15769.0,51.0
15767.0,51.0
15765.0,51.0
15755.0,51.0
15754.0,51.0
15753.0,51.0
15750.0,51.0
15747.0,51.0
15746.0,51.0
15745.0,51.0
15741.0,51.0
15739.0,51.0
15738.0,51.0
15735.0,51.0
15734.0,51.0
15733.0,51.0
15731.0,51.0
15730.0,51.0
15725.0,51.0
15723.0,51.0
15722.0,51.0
15720.0,51.0
15719.0,51.0
15718.0,51.0
15717.0,51.0
15715.0,52.0
15709.0,52.0
15708.0,52.0
15705.0,52.0
15702.0,52.0
15701.0,52.0
15699.0,52.0
15698.0,52.0
15697.0,52.0
15696.0,52.0
15694.0,52.0
15693.0,52.0
15690.0,52.0
15688.0,52.0
15687.0,52.0
15686.0,52.0
15684.0,52.0
15683.0,52.0
15682.0,52.0
15680.0,52.0
15679.0,52.0
15678.0,52.0
15671.0,52.0
15670.0,52.0
15667.0,52.0
15666.0,52.0
15665.0,52.0
15664.0,52.0
15661.0,52.0
15660.0,52.0
15657.0,52.0
15656.0,52.0
15655.0,52.0
15651.0,52.0
15648.0,52.0
15646.0,53.0
15644.0,53.0
15641.0,53.0
15640.0,53.0
15639.0,53.0
15638.0,53.0
15637.0,53.0
15635.0,53.0
15634.0,53.0
15633.0,53.0
15631.0,53.0
15628.0,53.0
15627.0,53.0
15626.0,53.0
15625.0,53.0
15624.0,53.0
15623.0,53.0
15620.0,53.0
15619.0,53.0
15617.0,53.0
15616.0,53.0
15615.0,53.0
15613.0,53.0
15611.0,53.0
15610.0,53.0
15609.0,53.0
15605.0,53.0
15603.0,53.0
15601.0,53.0
15600.0,53.0
15595.0,53.0
15594.0,53.0
15590.0,53.0
15589.0,53.0
15587.0,53.0
15586.0,53.0
15585.0,53.0
15584.0,53.0
15583.0,53.0
15579.0,53.0
15576.0,54.0
15571.0,54.0
15570.0,54.0
15569.0,54.0
15566.0,54.0
15564.0,54.0
15561.0,54.0
15560.0,54.0
15559.0,54.0
15558.0,54.0
15556.0,54.0
15553.0,54.0
15551.0,54.0
15550.0,54.0
15548.0,54.0
15545.0,54.0
15543.0,54.0
15541.0,54.0
15540.0,54.0
15539.0,54.0
15538.0,54.0
15536.0,54.0
15534.0,54.0
15533.0,54.0
15532.0,54.0
15531.0,54.0
15530.0,54.0
15527.0,54.0
15521.0,54.0
15519.0,54.0
15517.0,54.0
15515.0,54.0
15512.0,54.0
15511.0,54.0
15510.0,54.0
15509.0,54.0
15506.0,54.0
15505.0,54.0
15504.0,55.0
15503.0,55.0
15499.0,55.0
15498.0,55.0
15497.0,55.0
15495.0,55.0
15494.0,55.0
15493.0,55.0
15491.0,55.0
15490.0,55.0
15483.0,55.0
15482.0,55.0
15481.0,55.0
15478.0,55.0
15476.0,55.0
15475.0,55.0
15474.0,55.0
15473.0,55.0
15472.0,55.0
15471.0,55.0
15469.0,55.0
15468.0,55.0
15467.0,55.0
15465.0,55.0
15464.0,55.0
15463.0,55.0
15458.0,55.0
15457.0,55.0
15456.0,55.0
15455.0,55.0
15452.0,55.0
15450.0,55.0
15449.0,55.0
15447.0,55.0
15445.0,55.0
15444.0,55.0
15443.0,55.0
15440.0,55.0
15439.0,55.0
15438.0,55.0
15436.0,55.0
15435.0,55.0
15434.0,55.0
15432.0,55.0
15431.0,55.0
15429.0,55.0
15426.0,55.0
15424.0,55.0
15422.0,55.0
15418.0,56.0
15416.0,56.0
15410.0,56.0
15409.0,56.0
15407.0,56.0
15405.0,56.0
15403.0,56.0
15402.0,56.0
15400.0,57.0
15396.0,57.0
15395.0,57.0
15392.0,57.0
15389.0,57.0
15386.0,57.0
15385.0,57.0
15384.0,57.0
15382.0,57.0
15381.0,58.0
15380.0,58.0
15378.0,58.0
15376.0,58.0
15375.0,58.0
15372.0,58.0
15367.0,58.0
15366.0,58.0
15365.0,58.0
15364.0,58.0
15363.0,58.0
15359.0,58.0
15358.0,58.0
15357.0,58.0
15355.0,58.0
15353.0,58.0
15352.0,58.0
15351.0,58.0
15350.0,58.0
15348.0,58.0
15347.0,58.0
15340.0,58.0
15339.0,58.0
15337.0,58.0
15335.0,58.0
15334.0,58.0
15333.0,58.0
15332.0,58.0
15330.0,58.0
15329.0,58.0
15328.0,58.0
15325.0,58.0
15324.0,58.0
15321.0,58.0
15320.0,58.0
15319.0,58.0
15316.0,59.0
15314.0,59.0
15312.0,59.0
15311.0,59.0
15310.0,59.0
15309.0,59.0
15308.0,59.0
15305.0,59.0
15304.0,59.0
15303.0,59.0
15302.0,59.0
15296.0,59.0
15295.0,59.0
15292.0,59.0
15291.0,59.0
15289.0,59.0
15288.0,59.0
15287.0,59.0
15285.0,59.0
15284.0,59.0
15283.0,59.0
15281.0,59.0
15280.0,59.0
15277.0,59.0
15275.0,59.0
15274.0,59.0
15273.0,59.0
15269.0,59.0
15266.0,59.0
15263.0,59.0
15261.0,59.0
15257.0,59.0
15254.0,59.0
15253.0,59.0
15251.0,60.0
15249.0,60.0
15247.0,60.0
15245.0,60.0
15244.0,60.0
15241.0,60.0
15240.0,60.0
15239.0,60.0
15235.0,60.0
15233.0,60.0
15231.0,60.0
15230.0,60.0
15229.0,60.0
15228.0,60.0
15227.0,60.0
15226.0,60.0
15225.0,60.0
15224.0,60.0
15220.0,60.0
15219.0,60.0
15218.0,60.0
15216.0,60.0
15214.0,60.0
15208.0,60.0
15207.0,60.0
15204.0,60.0
15202.0,60.0
15201.0,60.0
15200.0,60.0
15190.0,60.0
15188.0,60.0
15186.0,60.0
15185.0,60.0
15184.0,60.0
15182.0,60.0
15181.0,60.0
15180.0,60.0
15177.0,60.0
15174.0,60.0
15172.0,61.0
15170.0,61.0
15169.0,61.0
15168.0,61.0
15166.0,61.0
15165.0,61.0
15164.0,61.0
15163.0,61.0
15161.0,61.0
15160.0,61.0
15159.0,61.0
15158.0,61.0
15156.0,61.0
15150.0,61.0
15149.0,61.0
15146.0,61.0
15143.0,61.0
15140.0,61.0
15137.0,61.0
15136.0,61.0
15135.0,61.0
15133.0,61.0
15132.0,61.0
15128.0,61.0
15127.0,61.0
15126.0,61.0
15124.0,61.0
15123.0,61.0
15116.0,61.0
15113.0,61.0
15112.0,61.0
15109.0,61.0
15107.0,61.0
15105.0,61.0
15101.0,61.0
15096.0,61.0
15094.0,61.0
15093.0,61.0
15091.0,62.0
15090.0,62.0
15088.0,62.0
15087.0,62.0
15085.0,62.0
15083.0,62.0
15082.0,62.0
15081.0,62.0
15079.0,62.0
15078.0,62.0
15077.0,62.0
15075.0,62.0
15074.0,62.0
15072.0,62.0
15067.0,62.0
15066.0,62.0
15055.0,62.0
15054.0,62.0
15052.0,62.0
15048.0,62.0
15045.0,62.0
15043.0,62.0
15042.0,62.0
15041.0,62.0
15039.0,62.0
15033.0,62.0
15030.0,62.0
15029.0,62.0
15028.0,62.0
15025.0,62.0
15024.0,62.0
15022.0,62.0
15020.0,62.0
15018.0,62.0
15016.0,62.0
15015.0,63.0
15012.0,63.0
15011.0,63.0
15009.0,63.0
15007.0,63.0
15005.0,63.0
15001.0,63.0
14996.0,63.0
14995.0,63.0
14994.0,63.0
14991.0,64.0
14988.0,64.0
14987.0,64.0
14986.0,64.0
14983.0,64.0
14979.0,64.0
14978.0,64.0
14977.0,64.0
14976.0,64.0
14975.0,64.0
14974.0,64.0
14973.0,64.0
14972.0,65.0
14971.0,65.0
14970.0,65.0
14966.0,65.0
14965.0,65.0
14964.0,65.0
14963.0,65.0
14962.0,65.0
14961.0,65.0
14960.0,65.0
14958.0,65.0
14957.0,65.0
14955.0,65.0
14953.0,65.0
14952.0,65.0
14951.0,65.0
14949.0,65.0
14948.0,65.0
14947.0,65.0
14945.0,65.0
14944.0,65.0
14943.0,65.0
14940.0,65.0
14935.0,65.0
14932.0,65.0
14931.0,65.0
14930.0,65.0
14929.0,65.0
14928.0,65.0
14927.0,65.0
14926.0,65.0
14925.0,65.0
14923.0,65.0
14922.0,65.0
14921.0,65.0
14918.0,65.0
14915.0,65.0
14913.0,65.0
14912.0,65.0
14907.0,65.0
14906.0,65.0
14905.0,65.0
14902.0,65.0
14901.0,65.0
14900.0,65.0
14898.0,65.0
14894.0,66.0
14893.0,66.0
14892.0,66.0
14891.0,66.0
14890.0,66.0
14885.0,66.0
14882.0,66.0
14881.0,66.0
14880.0,66.0
14878.0,66.0
14877.0,66.0
14874.0,66.0
14873.0,66.0
14871.0,66.0
14869.0,66.0
14866.0,66.0
14863.0,66.0
14860.0,66.0
14859.0,66.0
14857.0,66.0
14856.0,66.0
14855.0,66.0
14853.0,66.0
14852.0,66.0
14851.0,66.0
14850.0,66.0
14849.0,66.0
14848.0,66.0
14847.0,66.0
14842.0,66.0
14837.0,66.0
14834.0,66.0
14833.0,66.0
14832.0,66.0
14831.0,66.0
14829.0,66.0
14828.0,66.0
14826.0,66.0
14825.0,66.0
14824.0,66.0
14823.0,66.0
14821.0,66.0
14820.0,67.0
14819.0,67.0
14818.0,67.0
14816.0,67.0
14814.0,67.0
14813.0,67.0
14811.0,67.0
14810.0,67.0
14809.0,67.0
14808.0,67.0
14806.0,67.0
14805.0,67.0
14804.0,67.0
14799.0,67.0
14793.0,67.0
14792.0,67.0
14790.0,67.0
14789.0,67.0
14788.0,67.0
14784.0,67.0
14780.0,67.0
14775.0,67.0
14774.0,67.0
14773.0,67.0
14771.0,67.0
14770.0,67.0
14768.0,67.0
14767.0,67.0
14766.0,67.0
14760.0,67.0
14759.0,67.0
14757.0,67.0
14754.0,67.0
14752.0,67.0
14750.0,67.0
14749.0,67.0
14747.0,68.0
14745.0,68.0
14743.0,68.0
14742.0,68.0
14740.0,68.0
14738.0,68.0
14734.0,68.0
14733.0,68.0
14732.0,68.0
14726.0,68.0
14723.0,68.0
14720.0,68.0
14711.0,68.0
14710.0,68.0
14707.0,68.0
14705.0,68.0
14704.0,68.0
14693.0,68.0
14692.0,68.0
14691.0,68.0
14690.0,68.0
14689.0,69.0
14687.0,69.0
14685.0,69.0
14684.0,69.0
14683.0,69.0
14680.0,69.0
14677.0,69.0
14672.0,69.0
14670.0,69.0
14669.0,69.0
14668.0,69.0
14666.0,69.0
14665.0,69.0
14664.0,69.0
14660.0,69.0
14658.0,69.0
14657.0,69.0
14655.0,69.0
14651.0,69.0
14650.0,69.0
14649.0,69.0
14646.0,69.0
14644.0,69.0
14643.0,69.0
14640.0,69.0
14639.0,69.0
14638.0,69.0
14635.0,69.0
14634.0,69.0
14633.0,69.0
14632.0,69.0
14630.0,69.0
14629.0,69.0
14628.0,69.0
14627.0,69.0
14626.0,69.0
14625.0,69.0
14621.0,69.0
14620.0,69.0
14618.0,69.0
14615.0,69.0
14614.0,69.0
14613.0,69.0
14611.0,70.0
14609.0,70.0
14606.0,70.0
14602.0,70.0
14599.0,70.0
14597.0,70.0
14593.0,70.0
14588.0,71.0
14587.0,71.0
14586.0,71.0
14585.0,71.0
14584.0,71.0
14582.0,71.0
14579.0,71.0
14575.0,71.0
14573.0,71.0
14571.0,72.0
14570.0,72.0
14567.0,72.0
14566.0,72.0
14564.0,72.0
14562.0,72.0
14560.0,72.0
14559.0,72.0
14558.0,72.0
14556.0,72.0
14555.0,72.0
14554.0,72.0
14553.0,72.0
14552.0,72.0
14545.0,72.0
14542.0,72.0
14541.0,72.0
14536.0,72.0
14532.0,72.0
14531.0,72.0
14530.0,72.0
14524.0,72.0
14523.0,72.0
14519.0,72.0
14518.0,72.0
14517.0,72.0
14516.0,72.0
14512.0,72.0
14511.0,72.0
14510.0,72.0
14509.0,72.0
14506.0,72.0
14505.0,72.0
14504.0,72.0
14502.0,72.0
14501.0,72.0
14500.0,72.0
14499.0,72.0
14496.0,72.0
14494.0,73.0
14491.0,73.0
14485.0,73.0
14484.0,73.0
14482.0,73.0
14480.0,73.0
14479.0,73.0
14478.0,73.0
14477.0,73.0
14471.0,73.0
14470.0,73.0
14469.0,73.0
14467.0,73.0
14464.0,73.0
14462.0,73.0
14459.0,73.0
14457.0,73.0
14455.0,73.0
14454.0,73.0
14453.0,73.0
14451.0,73.0
14448.0,73.0
14445.0,73.0
14443.0,73.0
14442.0,73.0
14441.0,73.0
14439.0,73.0
14438.0,73.0
14437.0,73.0
14435.0,73.0
14433.0,73.0
14429.0,73.0
14426.0,74.0
14424.0,74.0
14422.0,74.0
14418.0,74.0
14417.0,74.0
14416.0,74.0
14413.0,74.0
14412.0,74.0
14411.0,74.0
14409.0,74.0
14405.0,74.0
14403.0,74.0
14400.0,74.0
14397.0,74.0
14396.0,74.0
14395.0,74.0
14391.0,74.0
14390.0,74.0
14388.0,74.0
14387.0,74.0
14384.0,74.0
14383.0,74.0
14382.0,74.0
14380.0,74.0
14378.0,74.0
14377.0,74.0
14374.0,74.0
14373.0,74.0
14372.0,74.0
14371.0,74.0
14369.0,74.0
14368.0,74.0
14365.0,74.0
14363.0,74.0
14362.0,74.0
14361.0,74.0
14359.0,74.0
14358.0,74.0
14357.0,74.0
14356.0,74.0
14355.0,74.0
14351.0,74.0
14350.0,74.0
14349.0,74.0
14347.0,74.0
14341.0,75.0
14340.0,75.0
14339.0,75.0
14336.0,75.0
14335.0,75.0
14334.0,75.0
14330.0,75.0
14329.0,75.0
14327.0,75.0
14326.0,75.0
14325.0,75.0
14323.0,75.0
14321.0,75.0
14319.0,75.0
14318.0,75.0
14317.0,75.0
14316.0,75.0
14314.0,75.0
14313.0,75.0
14309.0,75.0
14307.0,75.0
14304.0,75.0
14303.0,75.0
14302.0,75.0
14301.0,75.0
14300.0,75.0
14299.0,75.0
14298.0,75.0
14295.0,75.0
14294.0,75.0
14293.0,75.0
14292.0,75.0
14291.0,75.0
14289.0,75.0
14288.0,75.0
14287.0,75.0
14285.0,75.0
14284.0,75.0
14283.0,75.0
14282.0,75.0
14281.0,75.0
14280.0,75.0
14279.0,75.0
14278.0,75.0
14277.0,75.0
14275.0,75.0
14274.0,75.0
14273.0,75.0
14272.0,75.0
14267.0,76.0
14266.0,76.0
14265.0,76.0
14263.0,76.0
14260.0,76.0
14259.0,76.0
14256.0,76.0
14254.0,76.0
14253.0,76.0
14252.0,76.0
14251.0,76.0
14250.0,76.0
14247.0,76.0
14245.0,76.0
14244.0,76.0
14243.0,76.0
14242.0,76.0
14241.0,76.0
14240.0,76.0
14237.0,76.0
14234.0,76.0
14232.0,76.0
14228.0,76.0
14227.0,76.0
14226.0,76.0
14223.0,76.0
14222.0,76.0
14220.0,76.0
14217.0,76.0
14214.0,76.0
14210.0,76.0
14208.0,76.0
14206.0,76.0
14204.0,76.0
14202.0,76.0
14201.0,76.0
14200.0,76.0
14199.0,76.0
14198.0,76.0
14195.0,76.0
14194.0,76.0
14190.0,77.0
14189.0,77.0
14187.0,77.0
14186.0,77.0
14185.0,77.0
14183.0,77.0
14182.0,77.0
14181.0,77.0
14179.0,77.0
14177.0,77.0
14176.0,77.0
14173.0,77.0
14172.0,77.0
14170.0,77.0
14158.0,78.0
14157.0,78.0
14154.0,78.0
14150.0,78.0
14148.0,78.0
14147.0,78.0
14146.0,78.0
14142.0,79.0
14141.0,79.0
14140.0,79.0
14139.0,79.0
14135.0,79.0
14133.0,79.0
14132.0,79.0
14130.0,79.0
14129.0,79.0
14128.0,79.0
14125.0,79.0
14124.0,79.0
14118.0,79.0
14114.0,79.0
14113.0,79.0
14111.0,79.0
14110.0,79.0
14108.0,79.0
14107.0,79.0
14106.0,79.0
14103.0,79.0
14102.0,79.0
14101.0,79.0
14099.0,79.0
14098.0,79.0
14096.0,79.0
14095.0,79.0
14094.0,79.0
14093.0,79.0
14086.0,79.0
14085.0,79.0
14084.0,79.0
14083.0,79.0
14081.0,79.0
14077.0,79.0
14076.0,79.0
14073.0,79.0
14070.0,80.0
14068.0,80.0
14067.0,80.0
14066.0,80.0
14062.0,80.0
14061.0,80.0
14058.0,80.0
14054.0,80.0
14053.0,80.0
14051.0,80.0
14050.0,80.0
14049.0,80.0
14048.0,80.0
14046.0,80.0
14044.0,80.0
14043.0,80.0
14042.0,80.0
14041.0,80.0
14040.0,80.0
14039.0,80.0
14038.0,80.0
14037.0,80.0
14035.0,80.0
14033.0,80.0
14032.0,80.0
14029.0,80.0
14028.0,80.0
14027.0,80.0
14026.0,80.0
14024.0,80.0
14019.0,80.0
14018.0,80.0
14016.0,80.0
14013.0,80.0
14012.0,80.0
14011.0,80.0
14009.0,80.0
14008.0,80.0
14007.0,80.0
14005.0,80.0
14003.0,80.0
14000.0,81.0
13996.0,81.0
13995.0,81.0
13992.0,81.0
13989.0,81.0
13985.0,81.0
13984.0,81.0
13982.0,81.0
13979.0,81.0
13978.0,81.0
13977.0,81.0
13976.0,81.0
13974.0,81.0
13973.0,81.0
13970.0,81.0
13968.0,81.0
13964.0,81.0
13962.0,81.0
13961.0,81.0
13960.0,81.0
13957.0,81.0
13956.0,81.0
13955.0,81.0
13948.0,81.0
13947.0,81.0
13945.0,81.0
13942.0,81.0
13941.0,81.0
13940.0,81.0
13938.0,81.0
13933.0,81.0
13932.0,81.0
13930.0,81.0
13928.0,81.0
13925.0,81.0
13924.0,81.0
13923.0,81.0
13922.0,82.0
13920.0,82.0
13919.0,82.0
13918.0,82.0
13910.0,82.0
13908.0,82.0
13907.0,82.0
13902.0,82.0
13900.0,82.0
13899.0,82.0
13898.0,82.0
13897.0,82.0
13896.0,82.0
13895.0,82.0
13894.0,82.0
13892.0,82.0
13888.0,82.0
13887.0,82.0
13884.0,82.0
13882.0,82.0
13874.0,82.0
13871.0,82.0
13860.0,82.0
13859.0,82.0
13858.0,82.0
13853.0,82.0
13851.0,82.0
13849.0,82.0
13847.0,83.0
13845.0,83.0
13843.0,83.0
13842.0,83.0
13841.0,83.0
13839.0,83.0
13835.0,83.0
13834.0,83.0
13833.0,83.0
13832.0,83.0
13830.0,83.0
13827.0,83.0
13826.0,83.0
13825.0,83.0
13824.0,83.0
13823.0,83.0
13821.0,83.0
13819.0,83.0
13818.0,83.0
13810.0,83.0
13809.0,83.0
13804.0,83.0
13799.0,83.0
13798.0,83.0
13797.0,83.0
13793.0,83.0
13790.0,83.0
13789.0,83.0
13787.0,83.0
13785.0,83.0
13784.0,83.0
13783.0,83.0
13782.0,83.0
13778.0,83.0
13776.0,84.0
13775.0,84.0
13773.0,84.0
13769.0,84.0
13766.0,84.0
13765.0,84.0
13764.0,84.0
13763.0,84.0
13762.0,84.0
13761.0,84.0
13759.0,84.0
13757.0,84.0
13755.0,85.0
13754.0,85.0
13750.0,85.0
13747.0,85.0
13744.0,85.0
13743.0,85.0
13742.0,85.0
13741.0,85.0
13737.0,86.0
13734.0,86.0
13733.0,86.0
13732.0,86.0
13731.0,86.0
13729.0,86.0
13727.0,86.0
13726.0,86.0
13723.0,86.0
13721.0,86.0
13720.0,86.0
13719.0,86.0
13713.0,86.0
13711.0,86.0
13710.0,86.0
13709.0,86.0
13706.0,86.0
13704.0,86.0
13702.0,86.0
13701.0,86.0
13699.0,86.0
13698.0,86.0
13697.0,86.0
13696.0,86.0
13694.0,86.0
13693.0,86.0
13691.0,86.0
13688.0,86.0
13687.0,86.0
13686.0,86.0
13685.0,86.0
13684.0,86.0
13681.0,86.0
13680.0,86.0
13676.0,86.0
13674.0,86.0
13672.0,86.0
13671.0,86.0
13667.0,86.0
13666.0,87.0
13662.0,87.0
13660.0,87.0
13659.0,87.0
13658.0,87.0
13655.0,87.0
13654.0,87.0
13653.0,87.0
13649.0,87.0
13648.0,87.0
13644.0,87.0
13641.0,87.0
13640.0,87.0
13632.0,87.0
13631.0,87.0
13630.0,87.0
13627.0,87.0
13625.0,87.0
13624.0,87.0
13623.0,87.0
13621.0,87.0
13618.0,87.0
13617.0,87.0
13613.0,87.0
13612.0,87.0
13608.0,87.0
13605.0,87.0
13600.0,87.0
13595.0,87.0
13594.0,87.0
13592.0,87.0
13591.0,87.0
13590.0,88.0
13589.0,88.0
13586.0,88.0
13585.0,88.0
13584.0,88.0
13583.0,88.0
13581.0,88.0
13580.0,88.0
13579.0,88.0
13578.0,88.0
13577.0,88.0
13576.0,88.0
13575.0,88.0
13572.0,88.0
13570.0,88.0
13569.0,88.0
13565.0,88.0
13564.0,88.0
13563.0,88.0
13557.0,88.0
13556.0,88.0
13555.0,88.0
13553.0,88.0
13552.0,88.0
13551.0,88.0
13550.0,88.0
13549.0,88.0
13548.0,88.0
13547.0,88.0
13543.0,88.0
13542.0,88.0
13541.0,88.0
13539.0,88.0
13534.0,88.0
13533.0,88.0
13532.0,88.0
13531.0,88.0
13528.0,88.0
13527.0,88.0
13526.0,88.0
13523.0,88.0
13522.0,88.0
13521.0,88.0
13520.0,88.0
13516.0,89.0
13514.0,89.0
13511.0,89.0
13509.0,89.0
13508.0,89.0
13506.0,89.0
13498.0,89.0
13497.0,89.0
13496.0,89.0
13495.0,89.0
13494.0,89.0
13492.0,89.0
13490.0,89.0
13488.0,89.0
13486.0,89.0
13484.0,89.0
13483.0,89.0
13482.0,89.0
13480.0,89.0
13478.0,89.0
13475.0,89.0
13471.0,89.0
13470.0,89.0
13469.0,89.0
13468.0,89.0
13466.0,89.0
13464.0,89.0
13462.0,89.0
13461.0,89.0
13456.0,90.0
13454.0,90.0
13453.0,90.0
13452.0,90.0
13448.0,90.0
13444.0,90.0
13443.0,90.0
13441.0,90.0
13440.0,90.0
13439.0,90.0
13438.0,90.0
13434.0,90.0
13432.0,90.0
13427.0,90.0
13425.0,90.0
13422.0,90.0
13420.0,90.0
13419.0,90.0
13417.0,90.0
13412.0,90.0
13411.0,90.0
13409.0,90.0
13408.0,90.0
13406.0,90.0
13405.0,90.0
13400.0,90.0
13399.0,90.0
13398.0,90.0
13397.0,90.0
13396.0,90.0
13395.0,90.0
13394.0,90.0
13393.0,90.0
13387.0,91.0
13385.0,91.0
13384.0,91.0
13383.0,91.0
13378.0,91.0
13377.0,91.0
13372.0,91.0
13369.0,91.0
13367.0,91.0
13366.0,91.0
13365.0,91.0
13363.0,92.0
13362.0,92.0
13359.0,92.0
13357.0,92.0
13353.0,92.0
13352.0,92.0
13350.0,92.0
13348.0,92.0
13347.0,92.0
13346.0,92.0
13344.0,93.0
13342.0,93.0
13341.0,93.0
13338.0,93.0
13337.0,93.0
13335.0,93.0
13333.0,93.0
13330.0,93.0
13329.0,93.0
13328.0,93.0
13325.0,93.0
13324.0,93.0
13322.0,93.0
13319.0,93.0
13317.0,93.0
13315.0,93.0
13312.0,93.0
13311.0,93.0
13308.0,93.0
13305.0,93.0
13303.0,93.0
13302.0,93.0
13301.0,93.0
13300.0,93.0
13299.0,93.0
13293.0,93.0
13292.0,93.0
13291.0,93.0
13290.0,93.0
13288.0,93.0
13286.0,93.0
13285.0,93.0
13280.0,93.0
13279.0,93.0
13278.0,93.0
13277.0,93.0
13275.0,93.0
13273.0,93.0
13272.0,93.0
13270.0,94.0
13269.0,94.0
13267.0,94.0
13263.0,94.0
13262.0,94.0
13261.0,94.0
13258.0,94.0
13256.0,94.0
13255.0,94.0
13252.0,94.0
13249.0,94.0
13248.0,94.0
13247.0,94.0
13246.0,94.0
13245.0,94.0
13244.0,94.0
13243.0,94.0
13240.0,94.0
13238.0,94.0
13236.0,94.0
13235.0,94.0
13233.0,94.0
13232.0,94.0
13229.0,94.0
13227.0,94.0
13226.0,94.0
13225.0,94.0
13223.0,94.0
13221.0,94.0
13220.0,94.0
13216.0,94.0
13215.0,94.0
13214.0,94.0
13211.0,95.0
13209.0,95.0
13205.0,95.0
13204.0,95.0
13202.0,95.0
13201.0,95.0
13200.0,95.0
13198.0,95.0
13195.0,95.0
13192.0,95.0
13191.0,95.0
13190.0,95.0
13186.0,95.0
13184.0,95.0
13183.0,95.0
13179.0,95.0
13178.0,95.0
13177.0,95.0
13175.0,95.0
13174.0,95.0
13173.0,95.0
13172.0,95.0
13165.0,95.0
13164.0,95.0
13162.0,95.0
13161.0,95.0
13160.0,95.0
13158.0,95.0
13156.0,95.0
13154.0,95.0
13152.0,95.0
13151.0,95.0
13148.0,95.0
13147.0,95.0
13146.0,95.0
13145.0,95.0
13144.0,95.0
13143.0,96.0
13141.0,96.0
13140.0,96.0
13139.0,96.0
13137.0,96.0
13134.0,96.0
13132.0,96.0
13129.0,96.0
13128.0,96.0
13127.0,96.0
13122.0,96.0
13121.0,96.0
13119.0,96.0
13118.0,96.0
13117.0,96.0
13115.0,96.0
13114.0,96.0
13113.0,96.0
13112.0,96.0
13111.0,96.0
13110.0,96.0
13108.0,96.0
13105.0,96.0
13104.0,96.0
13102.0,96.0
13101.0,96.0
13100.0,96.0
13099.0,96.0
13098.0,96.0
13093.0,96.0
13088.0,96.0
13084.0,96.0
13079.0,97.0
13078.0,97.0
13074.0,97.0
13073.0,97.0
13072.0,97.0
13067.0,97.0
13065.0,97.0
13060.0,97.0
13059.0,97.0
13056.0,97.0
13049.0,97.0
13048.0,97.0
13047.0,97.0
13046.0,97.0
13044.0,97.0
13042.0,97.0
13041.0,97.0
13036.0,97.0
13034.0,97.0
13030.0,97.0
13029.0,97.0
13025.0,97.0
13023.0,97.0
13022.0,97.0
13020.0,98.0
13017.0,98.0
13015.0,98.0
13014.0,98.0
13010.0,98.0
13007.0,98.0
13005.0,98.0
13004.0,98.0
13003.0,99.0
12998.0,99.0
12997.0,99.0
12996.0,99.0
12995.0,99.0
12994.0,99.0
12992.0,99.0
12988.0,99.0
12985.0,99.0
12982.0,100.0
12977.0,100.0
12976.0,100.0
12973.0,100.0
12972.0,100.0
12971.0,100.0
12970.0,100.0
12969.0,100.0
12968.0,100.0
12964.0,100.0
12963.0,100.0
12959.0,100.0
12957.0,100.0
12955.0,100.0
12950.0,100.0
12949.0,100.0
12946.0,100.0
12945.0,100.0
12944.0,100.0
12942.0,100.0
12939.0,100.0
12937.0,100.0
12936.0,100.0
12934.0,100.0
12931.0,100.0
12929.0,100.0
12928.0,100.0
12927.0,100.0
12925.0,100.0
12924.0,100.0
12921.0,100.0
12918.0,100.0
12916.0,100.0
12915.0,100.0
12912.0,101.0
12911.0,101.0
12910.0,101.0
12907.0,101.0
12904.0,101.0
12903.0,101.0
12902.0,101.0
12900.0,101.0
12899.0,101.0
12897.0,101.0
12894.0,101.0
12893.0,101.0
12891.0,101.0
12890.0,101.0
12889.0,101.0
12888.0,101.0
12887.0,101.0
12883.0,101.0
12882.0,101.0
12881.0,101.0
12880.0,101.0
12879.0,101.0
12875.0,101.0
12874.0,101.0
12872.0,101.0
12867.0,101.0
12865.0,101.0
12864.0,101.0
12859.0,101.0
12856.0,101.0
12853.0,101.0
12852.0,101.0
12850.0,101.0
12849.0,101.0
12845.0,102.0
12844.0,102.0
12843.0,102.0
12842.0,102.0
12833.0,102.0
12832.0,102.0
12829.0,101.0
12828.0,102.0
12827.0,102.0
12824.0,102.0
12820.0,102.0
12818.0,102.0
12817.0,102.0
12811.0,102.0
12810.0,102.0
12809.0,102.0
12805.0,102.0
12801.0,102.0
12800.0,102.0
12798.0,102.0
12797.0,102.0
12792.0,102.0
12791.0,102.0
12788.0,103.0
12786.0,103.0
12785.0,103.0
12784.0,103.0
12783.0,103.0
12780.0,103.0
12777.0,103.0
12776.0,103.0
12773.0,103.0
12772.0,103.0
12771.0,103.0
12770.0,103.0
12764.0,103.0
12761.0,103.0
12759.0,103.0
12758.0,103.0
12757.0,103.0
12754.0,103.0
12753.0,103.0
12752.0,103.0
12751.0,103.0
12749.0,103.0
12748.0,103.0
12747.0,103.0
12745.0,103.0
12744.0,103.0
12743.0,103.0
12742.0,103.0
12741.0,103.0
12738.0,103.0
12735.0,103.0
12733.0,103.0
12732.0,103.0
12728.0,103.0
12725.0,103.0
12723.0,103.0
12718.0,103.0
12716.0,103.0
12710.0,104.0
12709.0,104.0
12708.0,104.0
12705.0,104.0
12703.0,104.0
12700.0,104.0
12698.0,104.0
12697.0,104.0
12696.0,104.0
12695.0,104.0
12692.0,104.0
12689.0,104.0
12687.0,104.0
12686.0,104.0
12685.0,104.0
12683.0,104.0
12679.0,104.0
12678.0,104.0
12674.0,104.0
12672.0,104.0
12670.0,104.0
12666.0,104.0
12665.0,104.0
12663.0,104.0
12662.0,104.0
12660.0,104.0
12658.0,104.0
12656.0,104.0
12655.0,104.0
12654.0,104.0
12652.0,104.0
12648.0,105.0
12641.0,105.0
12640.0,105.0
12637.0,105.0
12636.0,105.0
12633.0,105.0
12632.0,105.0
12630.0,106.0
12628.0,106.0
12627.0,106.0
12621.0,106.0
12617.0,106.0
12615.0,106.0
12613.0,106.0
12611.0,107.0
12610.0,107.0
12608.0,107.0
12607.0,107.0
12605.0,107.0
12604.0,107.0
12603.0,107.0
12600.0,107.0
12599.0,107.0
12595.0,107.0
12594.0,107.0
12593.0,107.0
12591.0,107.0
12589.0,107.0
12586.0,107.0
12585.0,107.0
12584.0,107.0
12582.0,107.0
12578.0,107.0
12577.0,107.0
12576.0,107.0
12574.0,107.0
12573.0,107.0
12571.0,107.0
12570.0,107.0
12569.0,107.0
12567.0,107.0
12565.0,107.0
12564.0,107.0
12562.0,107.0
12560.0,107.0
12558.0,107.0
12554.0,107.0
12553.0,107.0
12551.0,107.0
12550.0,107.0
12548.0,108.0
12547.0,108.0
12545.0,108.0
12544.0,108.0
12543.0,108.0
12541.0,108.0
12539.0,108.0
12537.0,108.0
12534.0,108.0
12531.0,108.0
12530.0,108.0
12529.0,108.0
12527.0,108.0
12526.0,108.0
12524.0,108.0
12522.0,108.0
12521.0,108.0
12519.0,108.0
12518.0,108.0
12517.0,108.0
12516.0,108.0
12515.0,108.0
12512.0,108.0
12510.0,108.0
12509.0,108.0
12506.0,108.0
12505.0,108.0
12503.0,108.0
12501.0,108.0
12499.0,108.0
12497.0,108.0
12496.0,108.0
12493.0,108.0
12492.0,108.0
12490.0,108.0
12488.0,108.0
12487.0,108.0
12486.0,108.0
12483.0,109.0
12481.0,109.0
12480.0,109.0
12478.0,109.0
12477.0,109.0
12474.0,109.0
12473.0,109.0
12472.0,109.0
12471.0,109.0
12470.0,109.0
12468.0,109.0
12464.0,109.0
12463.0,109.0
12462.0,109.0
12460.0,109.0
12456.0,109.0
12454.0,109.0
12452.0,109.0
12451.0,109.0
12449.0,109.0
12448.0,109.0
12447.0,109.0
12445.0,109.0
12443.0,109.0
12441.0,109.0
12440.0,109.0
12439.0,109.0
12438.0,109.0
12436.0,109.0
12434.0,109.0
12432.0,109.0
12429.0,109.0
12425.0,109.0
12421.0,109.0
12420.0,110.0
12417.0,110.0
12411.0,110.0
12408.0,110.0
12407.0,110.0
12406.0,110.0
12404.0,110.0
12403.0,110.0
12402.0,110.0
12400.0,110.0
12397.0,110.0
12395.0,110.0
12393.0,110.0
12391.0,110.0
12389.0,110.0
12388.0,110.0
12386.0,110.0
12383.0,110.0
12382.0,110.0
12375.0,110.0
12373.0,110.0
12372.0,110.0
12370.0,110.0
12369.0,110.0
12367.0,110.0
12363.0,110.0
12361.0,110.0
12358.0,110.0
12357.0,110.0
12356.0,110.0
12355.0,110.0
12352.0,110.0
12350.0,110.0
12348.0,110.0
12346.0,110.0
12341.0,111.0
12337.0,111.0
12335.0,111.0
12334.0,111.0
12333.0,111.0
12330.0,111.0
12328.0,111.0
12327.0,111.0
12326.0,111.0
12325.0,111.0
12324.0,111.0
12323.0,111.0
12319.0,111.0
12318.0,111.0
12315.0,111.0
12313.0,111.0
12312.0,111.0
12311.0,111.0
12310.0,111.0
12303.0,111.0
12302.0,111.0
12301.0,111.0
12297.0,111.0
12296.0,111.0
12294.0,111.0
12293.0,111.0
12292.0,111.0
12291.0,111.0
12290.0,111.0
12285.0,112.0
12284.0,112.0
12282.0,112.0
12281.0,112.0
12279.0,112.0
12277.0,112.0
12270.0,113.0
12268.0,113.0
12267.0,113.0
12266.0,113.0
12265.0,113.0
12263.0,113.0
12256.0,113.0
12251.0,114.0
12250.0,114.0
12249.0,114.0
12248.0,114.0
12247.0,114.0
12246.0,114.0
12243.0,114.0
12241.0,114.0
12238.0,114.0
12237.0,114.0
12236.0,114.0
12235.0,114.0
12233.0,114.0
12230.0,114.0
12228.0,114.0
12227.0,114.0
12225.0,114.0
12221.0,114.0
12217.0,114.0
12216.0,114.0
12214.0,114.0
12213.0,114.0
12212.0,114.0
12208.0,114.0
12205.0,114.0
12202.0,114.0
12196.0,114.0
12193.0,114.0
12191.0,114.0
12189.0,114.0
12188.0,114.0
12185.0,115.0
12184.0,115.0
12183.0,115.0
12181.0,115.0
12180.0,115.0
12178.0,115.0
12176.0,115.0
12174.0,115.0
12173.0,115.0
12171.0,115.0
12170.0,115.0
12169.0,115.0
12167.0,115.0
12165.0,115.0
12164.0,115.0
12162.0,115.0
12161.0,115.0
12153.0,115.0
12152.0,115.0
12151.0,115.0
12149.0,115.0
12148.0,115.0
12147.0,115.0
12144.0,115.0
12141.0,115.0
12138.0,115.0
12137.0,115.0
12136.0,115.0
12135.0,115.0
12133.0,115.0
12127.0,115.0
12122.0,115.0
12121.0,115.0
12120.0,116.0
12119.0,116.0
12118.0,116.0
12113.0,116.0
12111.0,116.0
12107.0,116.0
12106.0,116.0
12103.0,116.0
12102.0,116.0
12101.0,116.0
12097.0,116.0
12095.0,116.0
12093.0,116.0
12089.0,116.0
12087.0,116.0
12085.0,116.0
12084.0,116.0
12082.0,116.0
12081.0,116.0
12079.0,116.0
12077.0,116.0
12076.0,116.0
12074.0,116.0
12073.0,116.0
12072.0,116.0
12066.0,116.0
12063.0,116.0
12061.0,116.0
12058.0,116.0
12057.0,116.0
12056.0,116.0
12054.0,116.0
12053.0,117.0
12050.0,117.0
12048.0,117.0
12045.0,117.0
12042.0,117.0
12040.0,117.0
12035.0,117.0
12034.0,117.0
12033.0,117.0
12031.0,117.0
12030.0,117.0
12029.0,117.0
12028.0,117.0
12027.0,117.0
12026.0,117.0
12023.0,117.0
12022.0,117.0
12021.0,117.0
12019.0,117.0
12014.0,117.0
12010.0,117.0
12007.0,117.0
12005.0,117.0
12001.0,117.0
11999.0,117.0
11998.0,117.0
11997.0,117.0
11995.0,118.0
11994.0,118.0
11992.0,118.0
11991.0,118.0
11990.0,118.0
11986.0,118.0
11984.0,118.0
11981.0,118.0
11975.0,118.0
11973.0,118.0
11972.0,118.0
11971.0,118.0
11963.0,118.0
11962.0,118.0
11961.0,118.0
11960.0,118.0
11955.0,118.0
11953.0,118.0
11949.0,118.0
11947.0,118.0
11944.0,118.0
11942.0,118.0
11940.0,118.0
11939.0,118.0
11936.0,119.0
11933.0,119.0
11931.0,119.0
11929.0,119.0
11928.0,119.0
11926.0,119.0
11924.0,119.0
11920.0,119.0
11919.0,119.0
11914.0,120.0
11909.0,120.0
11908.0,120.0
11906.0,120.0
11901.0,120.0
11900.0,120.0
11899.0,120.0
11898.0,120.0
11896.0,121.0
11895.0,121.0
11894.0,121.0
11893.0,121.0
11889.0,121.0
11888.0,121.0
11887.0,121.0
11884.0,121.0
11882.0,121.0
11881.0,121.0
11879.0,121.0
11877.0,121.0
11876.0,121.0
11875.0,121.0
11874.0,121.0
11872.0,121.0
11868.0,121.0
11865.0,121.0
11864.0,121.0
11863.0,121.0
11859.0,121.0
11858.0,121.0
11854.0,121.0
11852.0,121.0
11850.0,121.0
11849.0,121.0
11844.0,121.0
11843.0,121.0
11842.0,121.0
11841.0,121.0
11840.0,122.0
11839.0,122.0
11838.0,122.0
11834.0,122.0
11833.0,122.0
11832.0,122.0
11829.0,122.0
11828.0,122.0
11826.0,122.0
11825.0,122.0
11824.0,122.0
11823.0,122.0
11820.0,122.0
11818.0,122.0
11816.0,122.0
11813.0,122.0
11811.0,122.0
11809.0,122.0
11806.0,122.0
11804.0,122.0
11801.0,122.0
11799.0,122.0
11798.0,122.0
11795.0,122.0
11793.0,122.0
11791.0,122.0
11787.0,122.0
11785.0,122.0
11780.0,122.0
11779.0,122.0
11778.0,122.0
11775.0,122.0
11770.0,122.0
11768.0,122.0
11765.0,123.0
11762.0,123.0
11761.0,123.0
11757.0,123.0
11756.0,123.0
11754.0,123.0
11753.0,123.0
11750.0,123.0
11746.0,123.0
11741.0,123.0
11732.0,123.0
11731.0,123.0
11730.0,123.0
11725.0,123.0
11721.0,123.0
11720.0,123.0
11719.0,123.0
11716.0,123.0
11709.0,123.0
11708.0,123.0
11707.0,123.0
11705.0,123.0
11703.0,124.0
11702.0,124.0
11701.0,124.0
11700.0,124.0
11699.0,124.0
11698.0,124.0
11695.0,124.0
11689.0,124.0
11687.0,124.0
11684.0,124.0
11680.0,124.0
11678.0,124.0
11676.0,124.0
11675.0,124.0
11673.0,124.0
11670.0,124.0
11666.0,124.0
11665.0,124.0
11661.0,124.0
11660.0,124.0
11659.0,124.0
11657.0,124.0
11656.0,124.0
11655.0,124.0
11651.0,124.0
11647.0,125.0
11645.0,125.0
11644.0,125.0
11643.0,125.0
11642.0,125.0
11641.0,125.0
11640.0,125.0
11636.0,125.0
11635.0,125.0
11633.0,125.0
11632.0,125.0
11630.0,125.0
11626.0,125.0
11625.0,125.0
11624.0,125.0
11622.0,125.0
11621.0,125.0
11617.0,125.0
11616.0,125.0
11615.0,125.0
11614.0,125.0
11612.0,125.0
11611.0,125.0
11610.0,125.0
11609.0,125.0
11608.0,125.0
11607.0,125.0
11606.0,125.0
11603.0,125.0
11602.0,125.0
11601.0,125.0
11600.0,125.0
11599.0,125.0
11597.0,125.0
11594.0,125.0
11592.0,125.0
11591.0,125.0
11583.0,126.0
11581.0,126.0
11579.0,126.0
11578.0,126.0
11573.0,126.0
11571.0,126.0
11569.0,126.0
11567.0,127.0
11563.0,127.0
11562.0,127.0
11555.0,127.0
11554.0,127.0
11551.0,128.0
11546.0,128.0
11536.0,128.0
11533.0,128.0
11530.0,128.0
11527.0,128.0
11523.0,128.0
11522.0,128.0
11516.0,128.0
11515.0,128.0
11514.0,128.0
11512.0,128.0
11504.0,128.0
11502.0,128.0
11497.0,128.0
11490.0,128.0
11487.0,128.0
11485.0,129.0
11484.0,129.0
11482.0,129.0
11476.0,129.0
11474.0,129.0
11468.0,129.0
11464.0,129.0
11462.0,129.0
11457.0,129.0
11455.0,129.0
11450.0,129.0
11442.0,129.0
11436.0,129.0
11430.0,129.0
11427.0,129.0
11426.0,129.0
11425.0,129.0
11421.0,129.0
11417.0,130.0
11416.0,130.0
11414.0,130.0
11412.0,130.0
11407.0,130.0
11406.0,130.0
11402.0,130.0
11401.0,130.0
11395.0,130.0
11392.0,130.0
11386.0,130.0
11382.0,130.0
11376.0,130.0
11373.0,130.0
11370.0,130.0
11367.0,130.0
11364.0,130.0
11358.0,130.0
11353.0,130.0
11352.0,130.0
11348.0,130.0
11343.0,131.0
11341.0,131.0
11337.0,131.0
11330.0,131.0
11329.0,131.0
11324.0,131.0
11323.0,131.0
11319.0,131.0
11314.0,131.0
11311.0,131.0
11310.0,131.0
11309.0,131.0
11308.0,131.0
11306.0,131.0
11301.0,131.0
11298.0,131.0
11297.0,131.0
11293.0,131.0
11292.0,131.0
11285.0,132.0
11284.0,132.0
11282.0,132.0
11280.0,132.0
11279.0,132.0
11278.0,132.0
11276.0,132.0
11275.0,132.0
11272.0,132.0
11270.0,132.0
11269.0,132.0
11265.0,132.0
11264.0,132.0
11262.0,132.0
11261.0,132.0
11256.0,132.0
11254.0,132.0
11251.0,132.0
11250.0,132.0
11246.0,132.0
11244.0,132.0
11240.0,132.0
11239.0,132.0
11236.0,132.0
11235.0,132.0
11233.0,132.0
11231.0,132.0
11227.0,132.0
11220.0,133.0
11217.0,133.0
11215.0,133.0
11213.0,133.0
11212.0,133.0
11207.0,133.0
11206.0,133.0
11203.0,134.0
11202.0,134.0
11195.0,134.0
11194.0,134.0
11193.0,134.0
11192.0,134.0
11189.0,134.0
11184.0,135.0
11181.0,135.0
11176.0,135.0
11172.0,135.0
11171.0,135.0
11170.0,135.0
11167.0,135.0
11166.0,135.0
11163.0,135.0
11161.0,135.0
11160.0,135.0
11159.0,135.0
11157.0,135.0
11155.0,135.0
11152.0,135.0
11147.0,135.0
11135.0,136.0
11133.0,136.0
11132.0,136.0
11129.0,136.0
11127.0,136.0
11126.0,136.0
11122.0,136.0
11118.0,136.0
11115.0,136.0
11114.0,136.0
11110.0,136.0
11105.0,136.0
11103.0,136.0
11101.0,136.0
11100.0,136.0
11095.0,136.0
11094.0,136.0
11093.0,136.0
11090.0,136.0
11088.0,136.0
11077.0,136.0
11075.0,137.0
11073.0,137.0
11071.0,137.0
11070.0,137.0
11069.0,137.0
11066.0,137.0
11064.0,137.0
11063.0,137.0
11061.0,137.0
11059.0,137.0
11054.0,137.0
11050.0,137.0
11048.0,137.0
11046.0,137.0
11044.0,137.0
11040.0,137.0
11037.0,137.0
11036.0,137.0
11030.0,137.0
11023.0,138.0
11021.0,138.0
11020.0,138.0
11018.0,138.0
11017.0,138.0
11014.0,138.0
11010.0,138.0
10999.0,138.0
10997.0,138.0
10992.0,138.0
10991.0,138.0
10984.0,138.0
10982.0,138.0
10975.0,139.0
10967.0,139.0
10965.0,139.0
10959.0,139.0
10956.0,139.0
10952.0,139.0
10947.0,139.0
10944.0,139.0
10942.0,139.0
10939.0,139.0
10935.0,139.0
10934.0,139.0
10931.0,139.0
10927.0,139.0
10924.0,139.0
10922.0,139.0
10921.0,139.0
10918.0,139.0
10917.0,140.0
10916.0,140.0
10913.0,140.0
10907.0,140.0
10906.0,140.0
10905.0,140.0
10902.0,140.0
10897.0,141.0
10888.0,141.0
10887.0,141.0
10886.0,141.0
10884.0,142.0
10883.0,142.0
10878.0,142.0
10877.0,142.0
10868.0,142.0
10863.0,142.0
10862.0,142.0
10859.0,142.0
10858.0,142.0
10851.0,142.0
10843.0,142.0
10839.0,142.0
10830.0,142.0
10827.0,142.0
10822.0,143.0
10820.0,143.0
10818.0,143.0
10810.0,143.0
10809.0,143.0
10807.0,143.0
10806.0,143.0
10805.0,143.0
10802.0,143.0
10800.0,143.0
10793.0,143.0
10792.0,143.0
10791.0,143.0
10790.0,143.0
10788.0,143.0
10787.0,143.0
10786.0,143.0
10784.0,143.0
10781.0,143.0
10779.0,143.0
10776.0,143.0
10772.0,143.0
10766.0,144.0
10749.0,144.0
10747.0,144.0
10746.0,144.0
10744.0,144.0
10740.0,144.0
10736.0,144.0
10735.0,144.0
10734.0,144.0
10731.0,144.0
10722.0,144.0
10720.0,144.0
10719.0,144.0
10718.0,145.0
10715.0,145.0
10714.0,145.0
10712.0,145.0
10710.0,145.0
10708.0,145.0
10705.0,145.0
10696.0,145.0
10695.0,145.0
10693.0,145.0
10692.0,145.0
10690.0,145.0
10689.0,145.0
10688.0,145.0
10686.0,145.0
10685.0,145.0
10683.0,145.0
10679.0,145.0
10678.0,145.0
10675.0,145.0
10672.0,145.0
10668.0,145.0
10662.0,145.0
10659.0,146.0
10653.0,146.0
10650.0,146.0
10648.0,146.0
10647.0,146.0
10645.0,146.0
10644.0,146.0
10643.0,146.0
10636.0,146.0
10628.0,146.0
10625.0,146.0
10612.0,146.0
10607.0,146.0
10605.0,146.0
10595.0,147.0
10583.0,148.0
10576.0,148.0
10573.0,148.0
10572.0,148.0
10568.0,149.0
10563.0,149.0
10562.0,149.0
10560.0,149.0
10559.0,149.0
10555.0,149.0
10550.0,149.0
10548.0,149.0
10532.0,149.0
10528.0,149.0
10523.0,149.0
10522.0,149.0
10517.0,149.0
10513.0,149.0
10510.0,150.0
10507.0,150.0
10504.0,150.0
10503.0,150.0
10501.0,150.0
10498.0,150.0
10494.0,150.0
10493.0,150.0
10489.0,150.0
10487.0,150.0
10481.0,150.0
10479.0,150.0
10477.0,150.0
10464.0,150.0
10460.0,150.0
10458.0,150.0
10457.0,150.0
10454.0,151.0
10453.0,151.0
10449.0,151.0
10448.0,151.0
10445.0,151.0
10441.0,151.0
10440.0,151.0
10437.0,151.0
10434.0,151.0
10432.0,151.0
10426.0,151.0
10425.0,151.0
10422.0,151.0
10420.0,151.0
10416.0,151.0
10413.0,151.0
10409.0,151.0
10407.0,151.0
10403.0,151.0
10400.0,151.0
10388.0,152.0
10385.0,152.0
10383.0,152.0
10379.0,152.0
10362.0,152.0
10357.0,152.0
10354.0,152.0
10353.0,152.0
10351.0,152.0
10345.0,153.0
10344.0,153.0
10343.0,153.0
10339.0,153.0
10337.0,153.0
10333.0,153.0
10330.0,153.0
10325.0,153.0
10323.0,153.0
10315.0,153.0
10311.0,153.0
10310.0,153.0
10309.0,153.0
10308.0,153.0
10306.0,153.0
10300.0,153.0
10298.0,153.0
10289.0,154.0
10288.0,154.0
10286.0,154.0
10281.0,154.0
10277.0,154.0
10276.0,155.0
10273.0,155.0
10271.0,155.0
10269.0,155.0
10268.0,155.0
10266.0,155.0
10261.0,155.0
10255.0,156.0
10254.0,156.0
10253.0,156.0
10252.0,156.0
10249.0,156.0
10247.0,156.0
10246.0,156.0
10237.0,156.0
10231.0,156.0
10225.0,156.0
10224.0,156.0
10223.0,156.0
10203.0,157.0
10201.0,157.0
10200.0,157.0
10196.0,157.0
10192.0,157.0
10190.0,157.0
10186.0,157.0
10182.0,157.0
10179.0,157.0
10178.0,157.0
10168.0,157.0
10166.0,157.0
10158.0,157.0
10156.0,158.0
10155.0,158.0
10152.0,158.0
10151.0,158.0
10147.0,158.0
10146.0,158.0
10141.0,158.0
10128.0,158.0
10123.0,158.0
10120.0,158.0
10115.0,158.0
10105.0,159.0
10100.0,159.0
10099.0,159.0
10097.0,159.0
10094.0,159.0
10086.0,159.0
10075.0,159.0
10073.0,159.0
10070.0,159.0
10067.0,159.0
10065.0,159.0
10046.0,160.0
10045.0,160.0
10038.0,160.0
10037.0,160.0
10035.0,160.0
10033.0,160.0
10031.0,160.0
10022.0,160.0
10019.0,160.0
10007.0,160.0
9997.0,160.0
9993.0,160.0
9992.0,161.0
9988.0,161.0
9982.0,161.0
9981.0,161.0
9979.0,161.0
9976.0,162.0
9962.0,163.0
9958.0,163.0
9957.0,163.0
9956.0,163.0
9954.0,163.0
9953.0,163.0
9949.0,163.0
9946.0,163.0
9945.0,163.0
9944.0,163.0
9929.0,163.0
9926.0,163.0
9921.0,163.0
9920.0,163.0
9918.0,163.0
9912.0,164.0
9899.0,164.0
9898.0,164.0
9896.0,164.0
9895.0,164.0
9891.0,164.0
9882.0,164.0
9879.0,164.0
9876.0,164.0
9875.0,164.0
9874.0,164.0
9865.0,164.0
9861.0,164.0
9855.0,165.0
9852.0,165.0
9841.0,165.0
9840.0,165.0
9832.0,165.0
9828.0,165.0
9820.0,165.0
9818.0,165.0
9812.0,165.0
9803.0,166.0
9799.0,166.0
9789.0,166.0
9781.0,166.0
9775.0,166.0
9763.0,166.0
9757.0,167.0
9752.0,167.0
9751.0,167.0
9739.0,167.0
9730.0,167.0
9718.0,167.0
9716.0,167.0
9715.0,167.0
9708.0,167.0
9707.0,167.0
9706.0,168.0
9687.0,169.0
9685.0,169.0
9677.0,169.0
9676.0,169.0
9671.0,170.0
9669.0,170.0
9666.0,170.0
9665.0,170.0
9655.0,170.0
9653.0,170.0
9652.0,170.0
9640.0,170.0
9639.0,170.0
9638.0,170.0
9631.0,170.0
9630.0,170.0
9626.0,170.0
9624.0,170.0
9619.0,171.0
9611.0,171.0
9595.0,171.0
9589.0,171.0
9588.0,171.0
9586.0,171.0
9579.0,171.0
9577.0,171.0
9567.0,172.0
9566.0,172.0
9565.0,172.0
9553.0,172.0
9548.0,172.0
9543.0,172.0
9539.0,172.0
9536.0,172.0
9535.0,172.0
9527.0,172.0
9520.0,173.0
9516.0,173.0
9514.0,173.0
9510.0,173.0
9497.0,173.0
9495.0,173.0
9492.0,173.0
9489.0,173.0
9488.0,173.0
9482.0,173.0
9479.0,173.0
9476.0,173.0
9469.0,174.0
9468.0,174.0
9466.0,174.0
9464.0,174.0
9462.0,174.0
9460.0,174.0
9455.0,174.0
9447.0,174.0
9444.0,174.0
9441.0,174.0
9440.0,174.0
9433.0,174.0
9430.0,174.0
9427.0,174.0
9426.0,174.0
9423.0,174.0
9421.0,174.0
9417.0,175.0
9406.0,175.0
9403.0,175.0
9396.0,176.0
9380.0,177.0
9369.0,177.0
9360.0,177.0
9353.0,177.0
9350.0,177.0
9346.0,177.0
9338.0,177.0
9336.0,178.0
9330.0,178.0
9326.0,178.0
9325.0,178.0
9320.0,178.0
9318.0,178.0
9315.0,178.0
9303.0,178.0
9301.0,178.0
9290.0,178.0
9287.0,179.0
9284.0,179.0
9280.0,179.0
9272.0,179.0
9264.0,179.0
9258.0,179.0
9255.0,179.0
9242.0,180.0
9241.0,180.0
9239.0,180.0
9231.0,180.0
9229.0,180.0
9223.0,180.0
9220.0,180.0
9217.0,180.0
9213.0,180.0
9202.0,180.0
9197.0,180.0
9193.0,180.0
9191.0,181.0
9188.0,181.0
9185.0,181.0
9174.0,181.0
9173.0,181.0
9166.0,181.0
9162.0,181.0
9160.0,181.0
9153.0,181.0
9152.0,181.0
9151.0,181.0
9147.0,181.0
9146.0,182.0
9144.0,182.0
9137.0,182.0
9136.0,182.0
9124.0,183.0
9120.0,183.0
9113.0,184.0
9107.0,184.0
9099.0,184.0
9098.0,184.0
9097.0,184.0
9074.0,184.0
9073.0,184.0
9070.0,184.0
9065.0,185.0
9051.0,185.0
9048.0,185.0
9036.0,185.0
9034.0,185.0
9033.0,185.0
9032.0,185.0
9025.0,185.0
9024.0,185.0
9007.0,186.0
9003.0,186.0
8997.0,186.0
8986.0,186.0
8983.0,186.0
8981.0,187.0
8978.0,187.0
8971.0,187.0
8970.0,187.0
8964.0,187.0
8953.0,187.0
8950.0,187.0
8947.0,187.0
8944.0,187.0
8939.0,187.0
8938.0,187.0
8937.0,187.0
8936.0,187.0
8926.0,188.0
8925.0,188.0
8922.0,188.0
8921.0,188.0
8912.0,188.0
8909.0,188.0
8907.0,188.0
8906.0,188.0
8897.0,188.0
8876.0,189.0
8869.0,189.0
8856.0,190.0
8854.0,190.0
8847.0,191.0
8840.0,191.0
8838.0,191.0
8837.0,191.0
8834.0,191.0
8829.0,191.0
8823.0,191.0
8814.0,191.0
8808.0,191.0
8807.0,191.0
8805.0,191.0
8802.0,191.0
8801.0,191.0
8792.0,192.0
8789.0,192.0
8787.0,192.0
8786.0,192.0
8782.0,192.0
8779.0,192.0
8763.0,192.0
8746.0,193.0
8744.0,193.0
8735.0,193.0
8733.0,193.0
8730.0,193.0
8726.0,193.0
8718.0,193.0
8717.0,193.0
8710.0,193.0
8705.0,194.0
8701.0,194.0
8699.0,194.0
8689.0,194.0
8685.0,194.0
8682.0,194.0
8663.0,194.0
8661.0,194.0
8660.0,194.0
8659.0,194.0
8657.0,195.0
8650.0,195.0
8644.0,195.0
8637.0,195.0
8636.0,195.0
8631.0,195.0
8621.0,195.0
8614.0,195.0
8612.0,195.0
8604.0,196.0
8601.0,196.0
8594.0,196.0
8589.0,197.0
8583.0,197.0
8574.0,198.0
8558.0,198.0
8557.0,198.0
8550.0,198.0
8548.0,198.0
8532.0,198.0
8531.0,198.0
8526.0,199.0
8514.0,199.0
8508.0,199.0
8502.0,199.0
8490.0,199.0
8487.0,199.0
8486.0,199.0
8478.0,200.0
8474.0,200.0
8470.0,200.0
8469.0,200.0
8463.0,200.0
8462.0,200.0
8454.0,200.0
8453.0,200.0
8451.0,200.0
8449.0,200.0
8438.0,201.0
8436.0,201.0
8430.0,201.0
8429.0,201.0
8427.0,201.0
8423.0,201.0
8413.0,201.0
8405.0,201.0
8401.0,201.0
8396.0,201.0
8395.0,201.0
8394.0,201.0
8391.0,202.0
8384.0,202.0
8383.0,202.0
8382.0,202.0
8378.0,202.0
8377.0,202.0
8373.0,202.0
8371.0,202.0
8365.0,202.0
8360.0,202.0
8347.0,202.0
8345.0,202.0
8342.0,203.0
8331.0,203.0
8325.0,204.0
8321.0,204.0
8317.0,205.0
8313.0,205.0
8312.0,205.0
8305.0,205.0
8304.0,205.0
8302.0,205.0
8295.0,205.0
8280.0,205.0
8279.0,205.0
8277.0,205.0
8274.0,205.0
8273.0,206.0
8269.0,206.0
8268.0,206.0
8259.0,206.0
8258.0,206.0
8253.0,206.0
8243.0,206.0
8242.0,206.0
8240.0,206.0
8238.0,206.0
8236.0,206.0
8234.0,206.0
8232.0,206.0
8228.0,206.0
8216.0,207.0
8215.0,207.0
8213.0,207.0
8212.0,207.0
8209.0,207.0
8198.0,207.0
8183.0,207.0
8182.0,207.0
8181.0,207.0
8177.0,208.0
8175.0,208.0
8164.0,208.0
8163.0,208.0
8160.0,208.0
8156.0,208.0
8154.0,208.0
8150.0,208.0
8144.0,208.0
8134.0,209.0
8133.0,209.0
8132.0,209.0
8127.0,209.0
8123.0,209.0
8110.0,209.0
8104.0,209.0
8101.0,209.0
8099.0,209.0
8098.0,209.0
8097.0,209.0
8093.0,209.0
8091.0,209.0
8090.0,209.0
8089.0,209.0
8085.0,210.0
8078.0,210.0
8075.0,211.0
8074.0,211.0
8068.0,211.0
8065.0,211.0
8064.0,211.0
8060.0,212.0
8046.0,212.0
8044.0,212.0
8043.0,212.0
8041.0,212.0
8039.0,212.0
8024.0,212.0
8022.0,212.0
8021.0,212.0
8017.0,213.0
8016.0,213.0
8015.0,213.0
8010.0,213.0
8007.0,213.0
7998.0,213.0
7997.0,213.0
7991.0,213.0
7990.0,213.0
7972.0,214.0
7969.0,214.0
7959.0,214.0
7952.0,214.0
7948.0,214.0
7946.0,214.0
7942.0,214.0
7941.0,214.0
7937.0,214.0
7932.0,214.0
7930.0,214.0
7925.0,215.0
7917.0,215.0
7916.0,215.0
7914.0,215.0
7912.0,215.0
7911.0,215.0
7902.0,215.0
7899.0,215.0
7888.0,215.0
7885.0,215.0
7883.0,215.0
7882.0,215.0
7877.0,216.0
7865.0,216.0
7864.0,216.0
7863.0,216.0
7861.0,216.0
7853.0,216.0
7851.0,216.0
7849.0,216.0
7848.0,216.0
7846.0,216.0
7841.0,217.0
7839.0,217.0
7834.0,217.0
7829.0,217.0
7825.0,218.0
7824.0,218.0
7815.0,219.0
7810.0,219.0
7809.0,219.0
7804.0,219.0
7801.0,219.0
7794.0,219.0
7785.0,219.0
7767.0,220.0
7754.0,220.0
7723.0,221.0
7718.0,221.0
7703.0,221.0
7696.0,221.0
7677.0,222.0
7673.0,222.0
7670.0,222.0
7665.0,222.0
7656.0,222.0
7655.0,222.0
7654.0,222.0
7651.0,222.0
7639.0,222.0
7635.0,222.0
7634.0,222.0
7632.0,223.0
7620.0,223.0
7614.0,223.0
7605.0,223.0
7603.0,223.0
7601.0,223.0
7595.0,223.0
7592.0,224.0
7589.0,224.0
7584.0,224.0
7583.0,224.0
7568.0,226.0
7567.0,226.0
7565.0,226.0
7563.0,226.0
7559.0,226.0
7558.0,226.0
7557.0,226.0
7549.0,226.0
7548.0,226.0
7546.0,226.0
7535.0,226.0
7532.0,227.0
7531.0,227.0
7524.0,227.0
7519.0,227.0
7518.0,227.0
7510.0,227.0
7509.0,227.0
7499.0,227.0
7498.0,227.0
7494.0,227.0
7492.0,227.0
7488.0,227.0
7486.0,228.0
7484.0,228.0
7469.0,228.0
7468.0,228.0
7467.0,228.0
7461.0,228.0
7455.0,228.0
7454.0,228.0
7452.0,228.0
7449.0,228.0
7445.0,228.0
7442.0,229.0
7440.0,229.0
7439.0,229.0
7426.0,229.0
7425.0,229.0
7408.0,230.0
7406.0,230.0
7397.0,230.0
7396.0,230.0
7395.0,230.0
7394.0,230.0
7385.0,230.0
7370.0,230.0
7358.0,231.0
7350.0,232.0
7333.0,233.0
7330.0,233.0
7326.0,233.0
7325.0,233.0
7323.0,233.0
7322.0,233.0
7317.0,233.0
7308.0,233.0
7301.0,234.0
7300.0,234.0
7297.0,234.0
7295.0,234.0
7294.0,234.0
7284.0,234.0
7282.0,234.0
7272.0,235.0
7267.0,235.0
7264.0,235.0
7261.0,235.0
7259.0,235.0
7249.0,235.0
7245.0,235.0
7241.0,235.0
7238.0,235.0
7227.0,236.0
7224.0,236.0
7215.0,236.0
7213.0,236.0
7201.0,236.0
7199.0,236.0
7198.0,236.0
7195.0,236.0
7176.0,237.0
7170.0,237.0
7167.0,237.0
7164.0,237.0
7160.0,237.0
7157.0,237.0
7151.0,237.0
7145.0,237.0
7144.0,237.0
7137.0,237.0
7133.0,238.0
7131.0,238.0
7111.0,240.0
7110.0,240.0
7109.0,240.0
7107.0,240.0
7104.0,240.0
7102.0,240.0
7093.0,240.0
7091.0,240.0
7089.0,240.0
7070.0,240.0
7068.0,241.0
7064.0,241.0
7056.0,241.0
7051.0,241.0
7050.0,241.0
7048.0,241.0
7047.0,241.0
7044.0,241.0
7034.0,241.0
7030.0,241.0
7026.0,241.0
7018.0,241.0
7016.0,241.0
7009.0,242.0
7007.0,242.0
6997.0,242.0
6991.0,242.0
6986.0,242.0
6979.0,243.0
6978.0,243.0
6977.0,243.0
6969.0,243.0
6967.0,243.0
6964.0,243.0
6963.0,243.0
6956.0,243.0
6950.0,243.0
6947.0,243.0
6942.0,244.0
6938.0,244.0
6934.0,244.0
6933.0,244.0
6927.0,244.0
6926.0,244.0
6921.0,244.0
6907.0,244.0
6904.0,244.0
6903.0,245.0
6897.0,245.0
6887.0,246.0
6884.0,246.0
6880.0,247.0
6879.0,247.0
6863.0,247.0
6862.0,247.0
6852.0,247.0
6821.0,248.0
6813.0,248.0
6808.0,248.0
6801.0,248.0
6798.0,248.0
6797.0,248.0
6794.0,248.0
6779.0,249.0
6754.0,249.0
6750.0,249.0
6749.0,250.0
6739.0,250.0
6729.0,250.0
6728.0,250.0
6714.0,250.0
6696.0,251.0
6694.0,251.0
6693.0,251.0
6692.0,251.0
6691.0,251.0
6681.0,251.0
6676.0,251.0
6669.0,252.0
6659.0,252.0
6658.0,253.0
6652.0,253.0
6649.0,253.0
6637.0,254.0
6635.0,254.0
6634.0,254.0
6631.0,254.0
6625.0,254.0
6616.0,254.0
6612.0,254.0
6608.0,254.0
6606.0,255.0
6602.0,255.0
6593.0,255.0
6583.0,255.0
6581.0,255.0
6570.0,255.0
6566.0,256.0
6565.0,256.0
6559.0,256.0
6557.0,256.0
6556.0,256.0
6555.0,256.0
6553.0,256.0
6548.0,256.0
6547.0,256.0
6543.0,256.0
6540.0,256.0
6531.0,256.0
6525.0,257.0
6515.0,257.0
6502.0,257.0
6494.0,257.0
6488.0,257.0
6485.0,258.0
6484.0,258.0
6478.0,258.0
6470.0,258.0
6468.0,258.0
6458.0,258.0
6447.0,259.0
6435.0,260.0
6432.0,260.0
6428.0,260.0
6426.0,261.0
6425.0,261.0
6420.0,261.0
6419.0,261.0
6410.0,261.0
6405.0,261.0
6401.0,261.0
6394.0,261.0
6391.0,261.0
6389.0,262.0
6376.0,262.0
6374.0,262.0
6372.0,262.0
6349.0,262.0
6343.0,263.0
6339.0,263.0
6337.0,263.0
6324.0,263.0
6315.0,263.0
6310.0,264.0
6309.0,264.0
6306.0,264.0
6303.0,264.0
6301.0,264.0
6298.0,264.0
6296.0,264.0
6288.0,264.0
6287.0,264.0
6286.0,264.0
6277.0,264.0
6275.0,264.0
6261.0,265.0
6251.0,265.0
6246.0,265.0
6245.0,265.0
6242.0,265.0
6241.0,265.0
6231.0,266.0
6228.0,266.0
6224.0,266.0
6222.0,266.0
6215.0,267.0
6213.0,267.0
6212.0,267.0
6203.0,268.0
6202.0,268.0
6200.0,268.0
6192.0,268.0
6189.0,268.0
6181.0,268.0
6179.0,268.0
6174.0,268.0
6172.0,268.0
6164.0,269.0
6161.0,269.0
6156.0,269.0
6154.0,269.0
6152.0,269.0
6149.0,269.0
6145.0,269.0
6130.0,269.0
6124.0,270.0
6122.0,270.0
6121.0,270.0
6116.0,270.0
6102.0,270.0
6094.0,270.0
6090.0,270.0
6085.0,271.0
6081.0,271.0
6078.0,271.0
6074.0,271.0
6072.0,271.0
6050.0,272.0
6048.0,272.0
6040.0,272.0
6033.0,272.0
6031.0,272.0
6023.0,272.0
6018.0,273.0
6016.0,273.0
6010.0,273.0
6006.0,274.0
6005.0,274.0
6003.0,274.0
6002.0,274.0
6000.0,274.0
5997.0,275.0
5994.0,275.0
5987.0,275.0
5981.0,275.0
5977.0,275.0
5962.0,276.0
5961.0,276.0
5957.0,276.0
5954.0,276.0
5953.0,276.0
5952.0,276.0
5938.0,276.0
5936.0,276.0
5931.0,276.0
5927.0,276.0
5925.0,277.0
5919.0,277.0
5911.0,277.0
5905.0,277.0
5903.0,277.0
5900.0,277.0
5897.0,277.0
5892.0,277.0
5888.0,278.0
5872.0,278.0
5870.0,278.0
5863.0,278.0
5856.0,278.0
5845.0,279.0
5843.0,279.0
5841.0,279.0
5832.0,279.0
5830.0,279.0
5817.0,279.0
5814.0,279.0
5813.0,279.0
5803.0,280.0
5796.0,281.0
5786.0,282.0
5768.0,282.0
5767.0,282.0
5763.0,282.0
5754.0,283.0
5753.0,283.0
5751.0,283.0
5750.0,283.0
5744.0,283.0
5733.0,283.0
5720.0,284.0
5719.0,284.0
5718.0,284.0
5706.0,284.0
5691.0,285.0
5687.0,285.0
5683.0,285.0
5679.0,285.0
5677.0,285.0
5675.0,285.0
5672.0,285.0
5664.0,285.0
5659.0,286.0
5653.0,286.0
5652.0,286.0
5648.0,286.0
5646.0,286.0
5642.0,286.0
5641.0,286.0
5634.0,287.0
5633.0,287.0
5632.0,287.0
5629.0,287.0
5623.0,287.0
5617.0,288.0
5601.0,289.0
5597.0,289.0
5589.0,289.0
5584.0,289.0
5576.0,289.0
5574.0,290.0
5571.0,290.0
5569.0,290.0
5564.0,290.0
5563.0,290.0
5562.0,290.0
5555.0,290.0
5554.0,290.0
5548.0,290.0
5546.0,290.0
5538.0,291.0
5534.0,291.0
5531.0,291.0
5530.0,291.0
5526.0,291.0
5519.0,291.0
5510.0,291.0
5509.0,291.0
5508.0,291.0
5506.0,292.0
5501.0,292.0
5496.0,292.0
5490.0,292.0
5485.0,292.0
5477.0,292.0
5472.0,293.0
5462.0,293.0
5457.0,293.0
5452.0,293.0
5440.0,294.0
5438.0,294.0
5432.0,294.0
5424.0,295.0
5422.0,295.0
5413.0,296.0
5403.0,296.0
5399.0,296.0
5395.0,296.0
5394.0,296.0
5388.0,296.0
5377.0,297.0
5373.0,297.0
5366.0,297.0
5361.0,297.0
5356.0,297.0
5352.0,297.0
5347.0,298.0
5342.0,298.0
5333.0,298.0
5331.0,298.0
5327.0,298.0
5326.0,298.0
5310.0,299.0
5301.0,299.0
5299.0,299.0
5296.0,299.0
5294.0,299.0
5292.0,299.0
5291.0,299.0
5288.0,299.0
5285.0,299.0
5284.0,299.0
5275.0,300.0
5262.0,300.0
5260.0,300.0
5254.0,300.0
5249.0,300.0
5248.0,300.0
5244.0,301.0
5240.0,301.0
5232.0,302.0
5224.0,303.0
5217.0,303.0
5204.0,303.0
5200.0,303.0
5194.0,303.0
5192.0,304.0
5191.0,304.0
5189.0,304.0
5184.0,304.0
5181.0,304.0
5175.0,304.0
5168.0,304.0
5164.0,304.0
5158.0,304.0
5156.0,305.0
5137.0,305.0
5134.0,305.0
5122.0,306.0
5120.0,306.0
5110.0,306.0
5108.0,306.0
5105.0,306.0
5096.0,306.0
5091.0,306.0
5084.0,307.0
5083.0,307.0
5082.0,307.0
5076.0,307.0
5074.0,307.0
5069.0,307.0
5068.0,307.0
5063.0,307.0
5057.0,307.0
5045.0,308.0
5031.0,310.0
5027.0,310.0
5025.0,310.0
5018.0,310.0
5017.0,310.0
5012.0,310.0
5010.0,310.0
4995.0,310.0
4988.0,311.0
4981.0,311.0
4977.0,311.0
4976.0,311.0
4974.0,311.0
4972.0,311.0
4967.0,311.0
4964.0,311.0
4963.0,311.0
4958.0,312.0
4957.0,312.0
4949.0,312.0
4937.0,312.0
4935.0,312.0
4934.0,312.0
4933.0,312.0
4929.0,312.0
4924.0,312.0
4918.0,313.0
4916.0,313.0
4899.0,313.0
4897.0,313.0
4892.0,314.0
4876.0,314.0
4867.0,314.0
4866.0,314.0
4860.0,315.0
4855.0,315.0
4852.0,315.0
4844.0,316.0
4842.0,317.0
4824.0,317.0
4818.0,317.0
4808.0,318.0
4805.0,318.0
4787.0,318.0
4782.0,318.0
4781.0,319.0
4770.0,319.0
4767.0,319.0
4757.0,319.0
4744.0,320.0
4733.0,320.0
4726.0,320.0
4723.0,320.0
4717.0,321.0
4711.0,321.0
4708.0,321.0
4697.0,321.0
4693.0,321.0
4688.0,322.0
4687.0,322.0
4686.0,322.0
4680.0,322.0
4675.0,323.0
4670.0,324.0
4662.0,324.0
4660.0,324.0
4642.0,324.0
4641.0,325.0
4639.0,325.0
4635.0,325.0
4627.0,325.0
4626.0,325.0
4609.0,326.0
4596.0,326.0
4591.0,326.0
4584.0,326.0
4583.0,326.0
4580.0,327.0
4575.0,327.0
4569.0,327.0
4568.0,327.0
4567.0,327.0
4562.0,327.0
4561.0,327.0
4560.0,327.0
4556.0,327.0
4549.0,327.0
4545.0,328.0
4535.0,328.0
4526.0,328.0
4522.0,328.0
4513.0,329.0
4511.0,329.0
4510.0,329.0
4500.0,330.0
4497.0,330.0
4496.0,330.0
4481.0,331.0
4457.0,332.0
4446.0,332.0
4442.0,332.0
4438.0,332.0
4433.0,332.0
4430.0,333.0
4426.0,333.0
4419.0,333.0
4414.0,333.0
4409.0,333.0
4406.0,333.0
4400.0,333.0
4398.0,334.0
4392.0,334.0
4391.0,334.0
4390.0,334.0
4387.0,334.0
4382.0,334.0
4380.0,334.0
4365.0,335.0
4364.0,335.0
4353.0,335.0
4351.0,335.0
4347.0,335.0
4342.0,335.0
4338.0,335.0
4336.0,335.0
4334.0,336.0
4330.0,336.0
4329.0,336.0
4322.0,337.0
4312.0,338.0
4306.0,338.0
4299.0,338.0
4296.0,338.0
4293.0,338.0
4291.0,338.0
4282.0,339.0
4281.0,339.0
4274.0,339.0
4273.0,339.0
4268.0,339.0
4256.0,340.0
4251.0,340.0
4248.0,340.0
4245.0,340.0
4242.0,340.0
4240.0,340.0
4236.0,340.0
4226.0,341.0
4220.0,341.0
4218.0,341.0
4211.0,341.0
4209.0,341.0
4207.0,341.0
4204.0,341.0
4202.0,341.0
4198.0,342.0
4195.0,342.0
4192.0,342.0
4182.0,342.0
4177.0,342.0
4175.0,342.0
4163.0,343.0
4160.0,343.0
4158.0,344.0
4152.0,344.0
4140.0,345.0
4139.0,345.0
4134.0,345.0
4126.0,345.0
4121.0,346.0
4119.0,346.0
4116.0,346.0
4115.0,346.0
4108.0,346.0
4103.0,346.0
4099.0,346.0
4092.0,347.0
4088.0,347.0
4077.0,347.0
4065.0,348.0
4063.0,348.0
4060.0,348.0
4058.0,348.0
4052.0,348.0
4043.0,348.0
4038.0,349.0
4037.0,349.0
4032.0,349.0
4030.0,349.0
4028.0,349.0
4016.0,349.0
4011.0,349.0
4002.0,350.0
3992.0,351.0
3988.0,351.0
3979.0,352.0
3975.0,352.0
3973.0,352.0
3971.0,352.0
3970.0,352.0
3966.0,352.0
3948.0,353.0
3937.0,353.0
3931.0,353.0
3921.0,354.0
3909.0,354.0
3907.0,354.0
3901.0,354.0
3900.0,354.0
3899.0,354.0
3894.0,355.0
3884.0,355.0
3882.0,355.0
3881.0,355.0
3880.0,355.0
3878.0,355.0
3873.0,355.0
3860.0,356.0
3856.0,356.0
3853.0,356.0
3848.0,356.0
3847.0,356.0
3844.0,356.0
3835.0,357.0
3834.0,357.0
3830.0,358.0
3822.0,359.0
3821.0,359.0
3818.0,359.0
3815.0,359.0
3811.0,359.0
3794.0,359.0
3790.0,360.0
3787.0,360.0
3774.0,360.0
3768.0,360.0
3760.0,360.0
3755.0,361.0
3754.0,361.0
3744.0,361.0
3741.0,361.0
3737.0,361.0
3720.0,362.0
3709.0,362.0
3708.0,362.0
3698.0,363.0
3692.0,363.0
3675.0,364.0
3672.0,364.0
3663.0,365.0
3660.0,366.0
3658.0,366.0
3657.0,366.0
3645.0,366.0
3636.0,366.0
3633.0,367.0
3630.0,367.0
3627.0,367.0
3626.0,367.0
3620.0,367.0
3619.0,367.0
3605.0,368.0
3599.0,368.0
3597.0,368.0
3595.0,368.0
3590.0,368.0
3584.0,368.0
3583.0,368.0
3582.0,368.0
3580.0,369.0
3575.0,369.0
3565.0,369.0
3561.0,369.0
3559.0,369.0
3558.0,369.0
3555.0,369.0
3547.0,370.0
3545.0,370.0
3541.0,370.0
3536.0,370.0
3527.0,370.0
3521.0,371.0
3519.0,371.0
3512.0,372.0
3507.0,373.0
3495.0,373.0
3493.0,373.0
3490.0,373.0
3488.0,373.0
3486.0,374.0
3484.0,374.0
3470.0,374.0
3468.0,374.0
3464.0,374.0
3462.0,374.0
3460.0,374.0
3457.0,375.0
3454.0,375.0
3451.0,375.0
3446.0,375.0
3442.0,375.0
3440.0,375.0
3433.0,375.0
3428.0,376.0
3424.0,376.0
3423.0,376.0
3420.0,376.0
3412.0,376.0
3403.0,376.0
3399.0,377.0
3398.0,377.0
3391.0,377.0
3390.0,377.0
3369.0,378.0
3353.0,380.0
3352.0,380.0
3349.0,380.0
3334.0,380.0
3325.0,381.0
3322.0,381.0
3320.0,381.0
3318.0,381.0
3316.0,381.0
3306.0,381.0
3301.0,382.0
3289.0,382.0
3281.0,382.0
3275.0,383.0
3274.0,383.0
3271.0,383.0
3269.0,383.0
3264.0,383.0
3255.0,383.0
3254.0,383.0
3251.0,384.0
3250.0,384.0
3245.0,384.0
3243.0,384.0
3240.0,384.0
3238.0,384.0
3231.0,384.0
3227.0,384.0
3226.0,385.0
3222.0,385.0
3215.0,386.0
3213.0,386.0
3208.0,387.0
3207.0,387.0
3200.0,387.0
3194.0,387.0
3176.0,388.0
3170.0,388.0
3164.0,389.0
3163.0,389.0
3159.0,389.0
3156.0,389.0
3155.0,389.0
3146.0,389.0
3142.0,389.0
3140.0,389.0
3136.0,390.0
3129.0,390.0
3124.0,390.0
3121.0,390.0
3119.0,390.0
3107.0,391.0
3103.0,391.0
3102.0,391.0
3100.0,391.0
3090.0,392.0
3084.0,393.0
3081.0,394.0
3065.0,394.0
3061.0,394.0
3058.0,394.0
3051.0,395.0
3045.0,395.0
3039.0,395.0
3032.0,395.0
3031.0,396.0
3029.0,396.0
3028.0,396.0
3025.0,396.0
3015.0,396.0
3007.0,396.0
2995.0,397.0
2990.0,397.0
2984.0,397.0
2982.0,397.0
2979.0,398.0
2968.0,398.0
2967.0,398.0
2966.0,398.0
2960.0,398.0
2959.0,398.0
2955.0,398.0
2954.0,399.0
2943.0,400.0
2940.0,401.0
2938.0,401.0
2936.0,401.0
2935.0,401.0
2933.0,401.0
2931.0,401.0
2925.0,401.0
2923.0,401.0
2918.0,402.0
2916.0,402.0
2905.0,402.0
2902.0,402.0
2892.0,403.0
2878.0,403.0
2876.0,403.0
2872.0,404.0
2860.0,404.0
2859.0,404.0
2854.0,404.0
2853.0,404.0
2847.0,405.0
2844.0,405.0
2843.0,405.0
2833.0,405.0
2828.0,405.0
2818.0,406.0
2814.0,407.0
2802.0,408.0
2799.0,408.0
2792.0,408.0
2789.0,408.0
2787.0,408.0
2782.0,408.0
2777.0,409.0
2774.0,409.0
2761.0,409.0
2759.0,409.0
2752.0,410.0
2750.0,410.0
2744.0,410.0
2743.0,410.0
2740.0,410.0
2737.0,410.0
2721.0,411.0
2718.0,411.0
2711.0,411.0
2707.0,411.0
2706.0,411.0
2705.0,412.0
2699.0,412.0
2693.0,412.0
2690.0,412.0
2684.0,412.0
2676.0,414.0
2662.0,415.0
2661.0,415.0
2654.0,415.0
2647.0,416.0
2641.0,416.0
2633.0,416.0
2631.0,416.0
2624.0,416.0
2619.0,417.0
2616.0,417.0
2610.0,417.0
2607.0,417.0
2606.0,417.0
2604.0,417.0
2594.0,418.0
2564.0,419.0
2552.0,419.0
2547.0,420.0
2539.0,421.0
2538.0,422.0
2536.0,422.0
2528.0,422.0
2524.0,422.0
2521.0,422.0
2513.0,423.0
2508.0,423.0
2490.0,424.0
2488.0,424.0
2481.0,424.0
2480.0,424.0
2474.0,424.0
2463.0,425.0
2458.0,425.0
2451.0,425.0
2448.0,425.0
2419.0,427.0
2410.0,429.0
2398.0,429.0
2386.0,430.0
2376.0,430.0
2375.0,430.0
2373.0,430.0
2372.0,430.0
2368.0,431.0
2362.0,431.0
2360.0,431.0
2357.0,431.0
2330.0,432.0
2329.0,432.0
2327.0,432.0
2325.0,432.0
2319.0,432.0
2316.0,433.0
2315.0,433.0
2314.0,433.0
2313.0,433.0
2295.0,434.0
2280.0,436.0
2279.0,436.0
2265.0,436.0
2250.0,437.0
2246.0,437.0
2243.0,437.0
2240.0,437.0
2223.0,438.0
2222.0,438.0
2204.0,439.0
2199.0,439.0
2194.0,440.0
2192.0,440.0
2190.0,440.0
2189.0,440.0
2183.0,440.0
2180.0,440.0
2179.0,440.0
2176.0,441.0
2172.0,442.0
2169.0,442.0
2166.0,442.0
2165.0,443.0
2157.0,443.0
2142.0,444.0
2138.0,444.0
2125.0,445.0
2123.0,445.0
2120.0,445.0
2117.0,445.0
2111.0,445.0
2086.0,446.0
2081.0,447.0
2080.0,447.0
2079.0,447.0
2076.0,447.0
2074.0,447.0
2071.0,447.0
2070.0,447.0
2068.0,447.0
2056.0,449.0
2050.0,450.0
2033.0,450.0
2026.0,451.0
2016.0,451.0
1997.0,452.0
1992.0,453.0
1990.0,453.0
1982.0,453.0
1981.0,453.0
1979.0,453.0
1977.0,453.0
1976.0,453.0
1974.0,453.0
1971.0,453.0
1970.0,453.0
1967.0,454.0
1957.0,454.0
1954.0,454.0
1950.0,454.0
1944.0,456.0
1943.0,456.0
1933.0,457.0
1927.0,457.0
1905.0,458.0
1897.0,458.0
1895.0,459.0
1883.0,459.0
1874.0,460.0
1861.0,460.0
1839.0,461.0
1838.0,461.0
1834.0,462.0
1831.0,463.0
1812.0,464.0
1811.0,464.0
1808.0,465.0
1804.0,465.0
1803.0,465.0
1761.0,467.0
1742.0,468.0
1739.0,468.0
1737.0,468.0
1736.0,468.0
1733.0,468.0
1729.0,469.0
1727.0,470.0
1717.0,471.0
1715.0,471.0
1712.0,471.0
1711.0,471.0
1710.0,471.0
1702.0,472.0
1698.0,472.0
1695.0,472.0
1692.0,472.0
1689.0,472.0
1687.0,472.0
1678.0,473.0
1676.0,473.0
1669.0,473.0
1659.0,474.0
1650.0,474.0
1646.0,475.0
1642.0,475.0
1640.0,475.0
1639.0,475.0
1635.0,475.0
1633.0,475.0
1623.0,476.0
1622.0,476.0
1619.0,477.0
1611.0,478.0
1610.0,478.0
1606.0,478.0
1605.0,478.0
1594.0,478.0
1591.0,479.0
1587.0,479.0
1577.0,479.0
1575.0,480.0
1570.0,480.0
1568.0,480.0
1563.0,480.0
1555.0,481.0
1554.0,481.0
1549.0,481.0
1543.0,481.0
1535.0,482.0
1529.0,482.0
1515.0,483.0
1509.0,485.0
1505.0,485.0
1499.0,485.0
1498.0,485.0
1496.0,485.0
1495.0,485.0
1492.0,485.0
1488.0,486.0
1482.0,486.0
1481.0,486.0
1477.0,486.0
1468.0,487.0
1465.0,487.0
1463.0,487.0
1461.0,487.0
1450.0,488.0
1446.0,488.0
1445.0,488.0
1440.0,488.0
1439.0,488.0
1428.0,489.0
1427.0,489.0
1425.0,489.0
1424.0,489.0
1423.0,489.0
1422.0,489.0
1419.0,489.0
1415.0,490.0
1412.0,491.0
1410.0,491.0
1403.0,492.0
1401.0,492.0
1400.0,492.0
1388.0,493.0
1386.0,493.0
1384.0,493.0
1381.0,493.0
1380.0,493.0
1377.0,493.0
1374.0,493.0
1373.0,493.0
1371.0,494.0
1367.0,494.0
1365.0,494.0
1361.0,494.0
1352.0,495.0
1351.0,495.0
1346.0,495.0
1345.0,495.0
1326.0,496.0
1322.0,496.0
1319.0,496.0
1312.0,498.0
1311.0,498.0
1308.0,499.0
1306.0,499.0
1301.0,499.0
1300.0,499.0
1297.0,499.0
1295.0,499.0
1293.0,500.0
1287.0,500.0
1283.0,500.0
1275.0,501.0
1271.0,501.0
1260.0,501.0
1252.0,502.0
1238.0,503.0
1225.0,503.0
1220.0,504.0
1218.0,505.0
1215.0,505.0
1208.0,506.0
1194.0,507.0
1179.0,507.0
1170.0,508.0
1165.0,508.0
1164.0,508.0
1154.0,509.0
1147.0,509.0
1139.0,510.0
1135.0,510.0
1128.0,511.0
1127.0,511.0
1126.0,511.0
1121.0,512.0
1119.0,512.0
1114.0,513.0
1108.0,513.0
1104.0,513.0
1090.0,514.0
1085.0,515.0
1080.0,515.0
1078.0,515.0
1063.0,516.0
1061.0,516.0
1055.0,517.0
1047.0,517.0
1035.0,519.0
1033.0,519.0
1024.0,520.0
1019.0,520.0
1018.0,521.0
1014.0,521.0
1012.0,521.0
984.0,523.0
973.0,523.0
966.0,524.0
960.0,524.0
959.0,524.0
952.0,524.0
949.0,525.0
937.0,527.0
935.0,527.0
934.0,527.0
931.0,527.0
927.0,527.0
919.0,528.0
916.0,528.0
915.0,528.0
914.0,528.0
908.0,528.0
899.0,529.0
864.0,531.0
857.0,531.0
836.0,534.0
831.0,535.0
827.0,535.0
825.0,535.0
823.0,535.0
822.0,535.0
819.0,535.0
806.0,536.0
802.0,536.0
800.0,537.0
792.0,537.0
783.0,538.0
780.0,538.0
775.0,538.0
773.0,538.0
772.0,538.0
771.0,538.0
761.0,540.0
759.0,540.0
756.0,541.0
753.0,541.0
746.0,541.0
745.0,541.0
729.0,542.0
726.0,543.0
720.0,543.0
719.0,543.0
714.0,543.0
709.0,544.0
707.0,544.0
703.0,544.0
702.0,544.0
700.0,545.0
698.0,545.0
689.0,545.0
688.0,545.0
684.0,545.0
673.0,548.0
668.0,548.0
660.0,548.0
655.0,549.0
644.0,549.0
643.0,550.0
633.0,550.0
621.0,551.0
614.0,552.0
602.0,552.0
597.0,554.0
591.0,555.0
589.0,555.0
586.0,555.0
581.0,555.0
576.0,556.0
575.0,556.0
566.0,556.0
565.0,556.0
563.0,557.0
555.0,557.0
552.0,557.0
551.0,557.0
546.0,558.0
535.0,558.0
529.0,559.0
527.0,559.0
523.0,559.0
521.0,559.0
503.0,562.0
501.0,562.0
498.0,562.0
493.0,563.0
492.0,563.0
491.0,563.0
489.0,563.0
479.0,564.0
471.0,564.0
466.0,565.0
462.0,565.0
461.0,565.0
460.0,565.0
457.0,565.0
451.0,566.0
441.0,566.0
437.0,567.0
434.0,568.0
430.0,569.0
429.0,569.0
428.0,569.0
406.0,570.0
404.0,570.0
403.0,570.0
402.0,570.0
390.0,571.0
388.0,571.0
383.0,572.0
381.0,572.0
376.0,572.0
373.0,572.0
372.0,572.0
366.0,573.0
365.0,573.0
363.0,573.0
359.0,573.0
353.0,573.0
349.0,574.0
347.0,575.0
346.0,575.0
345.0,575.0
341.0,576.0
335.0,576.0
332.0,576.0
323.0,577.0
319.0,577.0
306.0,578.0
301.0,579.0
300.0,579.0
287.0,580.0
286.0,580.0
285.0,580.0
271.0,582.0
270.0,582.0
264.0,583.0
262.0,583.0
260.0,583.0
259.0,583.0
253.0,584.0
247.0,584.0
244.0,584.0
239.0,585.0
232.0,585.0
227.0,585.0
226.0,585.0
215.0,586.0
214.0,586.0
209.0,587.0
203.0,587.0
201.0,587.0
182.0,590.0
181.0,590.0
175.0,591.0
172.0,591.0
171.0,591.0
170.0,591.0
163.0,592.0
150.0,593.0
140.0,593.0
136.0,593.0
134.0,594.0
128.0,594.0
124.0,594.0
101.0,598.0
98.0,598.0
86.0,599.0
83.0,599.0
80.0,600.0
78.0,600.0
66.0,601.0
64.0,601.0
59.0,601.0
49.0,603.0
30.0,605.0
22.0,606.0
20.0,606.0
19.0,606.0
17.0,606.0
11.0,607.0
8.0,607.0
4.0,607.0
